amount,transaction_hour,is_new_receiver,is_new_device,location_change,failed_transactions,transaction_frequency,account_age_days,is_fraud
2825.61,17,1,1,0,2,11,72,1
18070.73,23,0,0,0,1,10,828,1
7910.47,21,1,0,0,0,9,349,0
5487.66,6,0,0,1,0,10,435,0
1027.75,21,0,0,0,0,7,434,0
1027.58,1,1,0,0,0,11,57,1
369.03,22,0,0,0,2,3,197,0
12077.39,18,0,0,0,0,11,910,0
5524.49,7,0,0,0,0,7,536,0
7397.5,0,0,0,0,0,5,255,0
134.8,7,0,1,1,0,2,778,0
21031.34,21,0,0,0,0,11,709,0
10728.58,18,0,1,0,0,8,557,0
1442.13,17,1,0,0,4,19,182,1
1214.07,20,0,0,0,0,8,748,0
1225.67,12,0,0,0,0,3,626,0
2186.52,18,0,0,0,0,5,267,0
4473.57,18,1,0,0,0,5,225,0
3403.22,11,0,0,0,0,10,93,0
2075.34,8,0,0,0,0,19,98,0
5688.23,15,1,0,0,0,14,834,0
911.41,22,1,0,0,0,4,749,0
2083.09,9,0,0,0,0,7,937,0
2747.66,7,0,0,0,0,4,311,0
3663.61,23,0,0,0,2,6,48,0
9237.62,21,0,0,0,0,5,816,0
1346.42,22,1,1,0,0,10,169,1
4342.17,19,1,0,0,2,2,472,0
5395.03,16,0,1,0,0,11,570,0
295.38,12,0,0,0,0,4,423,0
5622.0,6,0,0,0,0,6,213,0
1131.77,21,1,0,1,1,12,584,1
413.58,12,0,0,0,1,7,394,0
17852.13,10,0,0,0,0,9,309,0
20233.78,9,0,0,0,1,5,109,0
9923.99,8,0,0,0,0,6,587,0
2189.73,15,0,0,0,2,7,828,0
626.66,9,1,1,1,0,5,501,1
6926.5,13,1,0,1,1,15,78,1
3490.55,13,0,1,0,0,12,581,0
790.91,4,0,0,0,0,3,512,0
4111.28,17,1,0,0,0,8,50,0
219.96,7,0,0,0,1,10,112,0
14412.54,14,0,0,0,1,8,793,0
1806.75,10,1,1,0,0,14,538,1
6527.53,20,1,0,0,1,11,550,1
2251.28,22,1,0,0,0,6,556,0
4414.67,7,0,1,0,1,10,813,1
4757.34,21,0,0,0,0,1,866,0
1236.33,13,0,0,0,0,9,990,0
20966.84,8,0,0,0,0,6,529,0
8963.47,23,1,0,0,0,8,372,0
16840.57,12,0,0,0,1,3,500,0
13522.91,20,0,0,0,1,6,53,0
5476.33,12,0,0,0,1,14,676,0
15306.61,21,0,0,0,0,7,737,0
565.93,0,1,0,0,1,9,607,0
1318.81,7,0,1,1,0,2,18,1
287.69,12,0,0,0,3,10,268,0
2371.19,2,0,0,0,0,11,454,0
2962.78,9,0,0,0,0,8,395,0
1909.36,20,0,0,0,1,6,255,0
10597.35,17,0,0,0,2,9,794,0
2657.36,22,0,0,0,0,6,169,0
1988.82,2,1,0,0,0,8,904,0
4704.44,3,0,1,0,0,6,864,0
921.39,11,0,0,0,0,10,471,0
9732.9,13,0,0,0,1,11,631,0
474.86,19,0,0,0,3,4,369,0
26014.88,20,0,0,0,0,5,133,0
8886.9,22,0,0,1,0,6,990,0
1339.24,0,0,0,0,2,1,196,0
43.22,20,1,0,0,0,5,165,0
10149.38,4,1,0,1,0,8,252,1
7372.58,17,1,1,0,2,9,47,1
7843.98,17,0,0,0,2,11,390,0
8861.29,3,0,0,0,0,12,22,1
471.58,20,1,0,0,0,4,602,1
2673.36,12,0,0,0,0,4,541,0
748.9,20,1,0,0,0,9,925,0
11941.18,16,0,0,0,0,9,965,0
5867.81,7,0,0,0,0,14,749,0
2420.91,23,1,0,1,1,22,147,1
404.01,18,1,0,0,1,17,771,1
2244.93,22,1,0,0,2,6,552,0
2369.89,20,1,0,0,0,8,206,0
7857.25,1,0,1,0,0,2,47,0
6099.34,2,0,0,0,2,2,896,0
13103.51,20,1,0,0,1,12,360,0
3844.4,17,0,1,0,1,7,893,0
774.23,4,0,0,1,4,19,700,1
7504.76,13,0,0,0,2,10,424,0
8592.36,6,0,0,0,0,7,749,0
4953.32,16,0,0,0,0,10,763,0
8853.34,21,0,1,0,0,6,855,0
4094.89,18,1,0,1,0,5,411,0
4448.07,22,0,1,0,0,12,485,0
3356.89,10,0,0,0,1,7,704,0
164.49,19,0,1,0,0,14,525,0
695.0,1,0,0,0,1,15,492,1
201.6,16,0,1,1,0,3,598,0
6080.38,7,0,1,1,0,17,254,1
2274.38,19,0,0,0,2,13,502,0
4272.62,23,0,0,0,0,18,779,1
14297.59,18,0,0,0,0,10,207,0
1730.43,3,0,1,0,0,7,861,0
3179.69,8,0,0,0,2,3,335,0
8462.49,22,0,0,0,2,12,281,0
1568.83,0,0,1,0,3,13,85,1
490.63,16,0,0,0,2,21,427,0
2062.84,14,1,0,0,1,4,55,0
1064.85,10,0,0,0,0,11,585,0
15939.7,18,1,0,0,0,7,473,0
9915.32,7,0,0,0,0,12,241,0
6030.97,14,1,0,0,0,3,28,0
12319.12,19,0,0,1,1,2,855,0
9777.81,0,1,0,0,0,9,413,0
1248.97,9,0,0,0,0,4,606,0
13394.88,16,0,0,0,0,9,345,0
4660.6,18,0,0,0,0,4,468,0
9894.09,23,0,0,0,1,10,419,0
13595.46,9,1,0,0,0,4,385,0
2306.38,19,0,0,0,1,4,174,0
709.55,6,1,0,1,0,5,359,0
1562.12,10,0,0,0,4,3,24,0
3352.35,15,0,0,0,0,3,733,0
10232.98,8,0,1,0,0,3,857,0
11838.07,4,0,0,0,1,3,403,0
51.86,6,0,0,0,0,9,19,0
4299.26,7,1,0,0,0,5,673,0
3251.64,8,1,1,0,0,12,53,1
1517.0,10,1,0,1,0,7,104,0
776.08,11,0,1,0,2,8,343,0
2481.45,9,0,0,0,0,14,695,0
17188.73,19,0,0,0,0,5,52,0
2352.3,20,0,0,0,0,5,369,0
4398.72,20,1,0,0,0,11,743,0
7294.52,10,0,0,0,0,6,611,0
2721.85,6,0,0,0,2,3,220,0
21416.79,21,0,0,1,0,8,624,0
19702.06,10,0,0,0,5,5,357,0
1750.37,17,1,0,1,0,2,425,0
4135.96,14,0,0,1,1,14,579,0
2157.58,22,0,0,0,3,5,428,0
2021.5,10,1,1,0,0,10,754,1
235.51,11,0,0,0,1,2,268,0
5652.95,19,0,0,1,0,27,635,0
4201.12,4,0,0,1,0,8,251,0
327.11,21,0,0,0,0,7,456,0
1969.76,16,0,0,0,1,5,802,0
14343.17,8,1,0,0,0,6,966,0
1653.16,13,0,0,1,0,12,431,0
949.19,12,0,0,1,5,6,194,0
4043.63,9,1,0,0,0,14,21,1
25474.22,20,1,0,0,0,6,75,0
1672.87,14,0,0,0,5,4,33,0
6700.93,18,0,0,0,0,6,525,0
8613.33,8,0,0,1,0,4,811,0
1638.0,0,0,0,0,1,10,207,0
7826.49,13,0,1,0,0,15,780,0
2761.14,20,0,0,0,0,3,535,0
6013.02,22,0,0,0,0,7,850,0
6033.03,2,0,0,0,1,7,748,0
4614.31,21,0,0,0,0,6,510,0
577.77,21,0,1,0,0,14,985,0
10831.87,9,0,1,0,0,8,127,0
2330.86,22,0,0,0,0,4,733,0
1248.59,10,0,0,0,1,9,60,0
259.78,18,0,0,0,0,9,113,0
5372.67,15,0,0,0,0,3,20,0
6801.11,12,0,1,0,0,8,822,0
110.36,19,0,0,0,0,2,467,0
4315.78,22,1,0,1,0,11,102,1
1550.94,9,1,0,0,0,8,228,0
6226.75,15,0,0,0,0,10,880,0
1159.63,8,1,1,0,0,13,974,1
7055.28,7,0,0,1,1,11,930,1
2943.75,20,0,0,0,0,7,810,0
16572.06,22,1,0,0,0,5,299,0
897.67,12,0,0,0,4,2,734,0
2512.79,7,0,1,0,0,4,565,0
732.67,23,0,1,1,0,14,778,1
15527.14,8,0,1,1,1,2,880,1
12600.0,18,0,0,0,0,3,748,0
1799.96,3,0,0,0,1,3,456,0
6482.58,9,0,0,0,4,11,194,1
10206.9,9,0,0,0,0,4,510,0
4870.79,13,0,0,0,1,8,470,0
4535.68,17,1,0,0,0,3,792,0
1671.26,18,1,0,0,0,10,70,0
596.36,14,0,0,1,0,10,901,0
13660.74,18,0,0,0,0,19,478,0
13850.65,12,1,0,0,0,7,926,0
6026.02,18,0,1,0,0,10,224,0
2494.28,12,0,0,1,1,15,643,1
2587.41,18,0,0,1,0,7,632,0
7776.79,13,1,1,0,0,6,588,0
13654.58,17,0,0,1,0,3,282,0
13096.8,20,0,0,0,0,8,204,0
9091.37,21,0,0,0,0,3,674,0
6173.86,11,0,0,0,1,6,618,0
537.35,19,0,0,0,0,16,713,0
1067.77,10,0,1,0,0,9,200,0
13739.38,19,0,0,0,0,17,278,0
5604.96,20,0,0,0,1,3,943,0
65.44,10,0,0,0,0,11,187,0
651.98,7,1,0,0,0,8,201,0
6544.97,22,1,0,0,1,9,102,0
40.45,21,0,0,0,0,10,856,0
1061.89,19,0,0,0,1,8,204,0
4784.19,12,0,0,0,1,12,588,0
7073.89,19,0,0,1,0,9,309,0
6342.65,18,0,0,1,2,9,46,0
1533.7,12,0,0,0,1,12,183,0
7482.5,21,0,0,0,0,5,146,0
1634.94,18,0,0,0,0,8,273,0
2371.81,15,1,0,0,0,4,936,0
8244.15,21,0,1,0,0,5,677,0
6302.64,16,0,1,0,0,10,543,0
11361.74,8,0,0,1,0,11,777,0
6440.88,16,1,0,0,0,4,615,0
5050.27,16,1,0,0,1,8,511,0
600.14,22,0,0,1,1,8,224,0
2760.5,21,0,0,0,0,3,884,0
1858.96,20,0,0,1,0,10,997,0
1688.2,18,0,0,0,0,11,19,0
21683.86,5,0,0,0,0,20,309,1
3006.32,11,0,0,0,1,6,170,0
13366.33,10,0,0,0,0,10,484,0
5994.01,19,0,0,0,0,6,771,0
9512.95,21,0,0,0,0,7,728,0
4200.61,23,0,0,0,0,2,548,0
5170.94,6,0,1,1,0,10,346,1
4079.76,0,1,0,1,0,18,212,1
1313.29,22,0,1,0,0,5,334,0
7700.57,14,1,0,0,0,15,955,0
1987.46,22,0,0,0,0,8,864,0
157.7,13,1,0,0,0,8,904,0
6231.81,9,1,0,0,2,18,437,1
1179.6,18,0,0,1,0,8,37,0
16936.5,5,1,0,1,0,2,229,1
18475.37,9,0,0,0,1,4,75,0
14791.06,18,0,0,0,2,4,582,0
2783.72,14,0,0,0,0,11,677,0
103.46,5,0,1,0,0,8,416,0
15823.14,15,0,0,0,0,8,417,0
3363.63,19,1,0,0,0,4,430,0
20415.05,19,0,0,0,0,4,337,0
19892.41,12,0,0,0,4,9,829,0
11514.32,10,0,0,0,1,8,950,0
2102.66,9,0,0,0,4,12,482,0
2927.75,1,0,0,0,0,10,739,0
11438.36,4,1,0,0,2,6,422,0
2296.88,16,0,0,1,0,8,946,0
1124.31,14,0,1,1,0,8,918,0
4892.42,21,1,0,0,1,10,191,1
16517.76,19,0,0,0,0,5,236,0
7154.95,4,0,0,0,0,5,998,0
5074.67,18,0,0,0,1,6,706,0
623.37,17,0,0,0,0,5,954,0
5737.18,15,1,0,1,0,9,480,0
27673.42,9,0,0,1,0,2,626,0
915.52,22,0,1,0,1,5,23,0
4392.97,15,0,0,0,0,8,653,0
12601.65,0,0,1,0,0,6,767,0
8110.21,3,1,0,0,0,9,284,0
7174.45,8,1,0,0,1,12,144,0
7283.73,16,1,0,0,0,8,956,0
2682.95,18,0,0,1,0,8,525,0
2095.37,6,0,0,0,0,19,889,0
9954.25,19,0,0,0,0,7,383,0
9977.97,19,0,0,0,0,8,497,0
12117.7,6,0,0,1,0,6,152,0
14677.7,4,0,0,1,0,7,836,0
4306.56,1,1,0,0,1,12,486,1
4187.11,10,0,0,1,2,11,96,0
9615.7,8,0,0,0,0,7,686,0
6308.31,21,0,1,0,0,2,307,0
7273.3,15,0,0,0,0,5,813,0
9541.72,16,0,0,0,0,12,538,0
13253.94,4,0,0,0,0,16,427,0
2484.89,3,0,1,1,0,6,79,1
2835.62,14,0,0,0,0,13,80,0
602.18,21,1,0,0,0,3,1,0
5190.48,18,0,0,0,0,5,28,0
229.62,13,0,0,0,0,9,849,0
3769.64,6,0,0,0,0,7,528,0
4703.77,9,0,1,0,0,20,223,0
2035.78,8,1,0,0,1,7,956,0
5371.8,1,0,1,0,0,4,869,0
195.85,7,0,0,0,0,14,400,0
238.38,13,1,1,0,1,11,622,1
10386.11,6,0,1,0,1,4,708,0
2689.51,15,0,0,0,1,5,43,0
825.33,21,0,0,0,0,10,24,0
4441.92,12,0,0,0,1,5,795,0
8827.89,20,1,0,0,1,10,675,1
1468.71,14,0,0,0,1,7,627,0
5861.32,1,0,0,1,0,15,802,1
545.27,12,0,0,0,0,6,57,0
328.39,10,0,0,0,1,8,597,0
4557.45,18,0,1,0,3,3,173,0
4677.46,14,0,0,1,1,4,269,0
6097.22,6,0,0,0,2,17,713,0
7779.76,7,0,0,0,0,3,711,0
22351.34,22,1,0,0,0,8,888,0
4367.75,20,0,0,0,1,5,300,0
2350.12,16,0,0,0,1,17,541,0
9523.92,4,0,0,1,1,2,151,1
1905.11,21,1,0,0,3,16,501,1
3477.9,10,1,0,0,0,5,702,0
500.23,7,1,0,0,0,20,594,0
164.07,18,0,0,0,2,13,600,0
19734.28,7,1,0,1,0,3,944,1
10856.61,9,0,0,0,1,7,190,0
7153.86,23,0,0,0,2,9,901,0
3165.16,21,0,1,0,0,5,792,0
1151.84,5,1,0,0,2,16,853,1
1030.72,17,1,0,0,0,4,477,0
1738.04,15,1,0,0,1,4,765,0
4790.74,21,1,0,0,0,6,161,0
7533.1,12,0,0,1,1,24,778,0
6486.34,19,0,0,0,1,21,617,0
1980.47,23,0,0,1,0,4,127,0
18598.62,5,1,0,0,1,14,533,1
8044.1,13,0,0,0,3,8,914,0
4859.38,10,1,1,0,1,11,286,1
5686.18,20,0,0,1,4,12,612,1
3274.23,20,0,0,0,0,4,673,0
1717.97,23,0,0,0,0,5,692,0
2650.08,2,0,1,0,0,5,397,0
8519.09,7,1,0,0,4,7,517,0
96.99,17,0,0,1,0,14,64,0
750.28,4,0,0,0,0,14,946,0
292.57,9,0,0,1,0,3,646,0
259.49,19,0,0,1,0,5,980,0
11615.22,15,0,0,0,3,8,165,0
7307.44,13,0,0,0,0,3,332,0
3866.71,14,1,0,0,3,17,268,1
627.74,13,0,0,0,0,4,314,0
4069.11,23,0,0,0,2,12,954,0
3858.7,13,0,0,0,0,5,781,0
1151.17,8,0,0,0,0,20,773,0
3423.39,14,0,0,0,0,13,468,0
3060.02,21,0,0,1,0,9,94,0
5750.33,7,0,1,0,0,9,913,0
6058.69,22,0,0,0,0,3,981,0
288.17,21,0,0,0,0,3,580,0
2826.3,16,1,0,0,0,3,854,0
5908.75,10,1,0,0,0,16,391,0
4206.64,17,0,1,0,0,2,383,1
11658.1,23,0,0,0,1,9,676,0
6459.85,14,0,1,0,4,6,859,1
1077.12,22,0,0,0,0,2,846,0
449.09,16,1,0,0,0,2,975,0
6180.36,14,1,1,0,0,8,851,0
171.21,12,0,0,0,0,9,126,0
5298.08,20,0,0,0,1,8,113,0
16913.53,4,0,1,0,0,18,402,1
5150.69,2,0,0,0,0,3,737,0
2957.8,22,1,0,0,0,7,201,0
6194.96,20,0,0,0,1,11,592,0
3687.74,11,0,0,0,0,16,573,0
4742.89,15,0,0,0,3,9,980,0
17038.76,14,0,1,0,2,6,855,0
2937.57,9,0,0,0,0,6,550,0
19504.55,16,0,0,0,0,9,753,0
14155.46,14,0,1,0,0,5,64,0
1317.38,15,0,0,1,0,5,622,0
441.3,6,1,0,0,0,18,50,0
647.35,12,0,0,0,0,12,804,0
120.34,22,1,1,0,0,20,262,1
605.23,10,0,1,1,0,8,181,0
6903.25,17,0,0,0,2,10,499,0
453.1,11,1,1,1,3,8,505,1
2314.94,20,0,0,1,0,4,382,0
11191.16,21,1,0,0,0,5,460,0
151.28,19,0,1,0,0,7,367,0
10117.18,4,0,0,1,2,7,315,1
1996.5,11,0,0,0,3,19,823,1
764.5,17,1,0,0,0,8,406,0
7168.93,18,1,0,0,0,2,421,0
5958.4,19,0,0,0,0,9,592,0
12606.49,2,0,0,0,0,7,664,0
7979.76,7,0,1,0,1,7,664,0
9771.97,20,1,1,0,0,16,522,1
1998.0,22,0,0,1,3,14,478,1
1182.0,17,0,0,0,0,20,589,0
8342.54,2,0,0,1,1,11,650,1
9875.26,1,0,0,0,0,8,58,0
27952.03,7,0,0,0,0,9,474,0
3202.48,21,1,0,0,1,13,261,1
2801.46,22,0,0,0,3,3,689,0
8997.73,6,1,0,1,1,20,640,1
2510.4,19,0,0,0,1,8,147,0
16030.83,17,0,0,1,1,13,948,1
11739.03,2,0,0,0,0,5,593,0
3372.13,16,0,0,0,1,12,961,0
8348.71,15,1,0,0,1,17,372,1
8437.8,9,0,0,0,0,2,608,0
663.03,18,0,0,0,0,8,116,0
13980.67,11,0,0,0,1,6,423,0
4232.24,20,0,0,0,1,7,123,0
10518.0,17,1,0,0,0,9,870,0
2324.41,23,0,0,0,1,1,1,0
13562.74,13,0,0,0,1,2,715,0
2967.93,20,0,1,1,0,6,337,0
75.38,23,0,0,0,1,12,662,1
14157.44,18,0,0,0,0,4,974,0
584.35,20,0,1,0,0,11,108,0
2317.92,0,0,0,0,0,14,791,0
17991.83,11,0,0,0,2,6,722,0
18057.7,10,1,0,1,0,9,403,1
5121.98,13,0,0,1,1,7,539,0
6005.38,17,0,0,0,0,2,786,0
3580.09,8,1,0,0,2,14,694,0
2092.14,2,1,0,0,2,4,145,0
2400.92,21,1,1,1,2,4,439,1
6707.94,17,1,0,0,1,9,858,0
8385.03,23,0,0,0,2,6,670,0
9419.17,19,0,0,1,0,8,994,0
9362.99,10,0,0,0,0,5,976,0
583.82,17,0,0,0,0,7,565,0
4102.3,21,1,0,1,1,12,81,1
365.69,23,0,0,1,0,7,394,0
4794.77,12,0,0,0,0,5,94,0
3505.33,16,0,0,0,2,12,158,0
13129.71,10,0,0,0,1,6,538,0
2603.15,18,1,1,1,2,3,967,1
757.04,11,0,0,1,0,11,453,0
935.85,13,0,0,0,0,11,21,0
8610.58,20,1,0,0,0,4,312,0
5787.43,18,0,1,0,0,12,264,0
649.65,1,1,1,0,0,11,669,1
537.13,13,0,0,0,0,6,160,0
7253.25,9,0,0,0,0,9,448,0
463.28,9,1,0,0,0,7,984,0
10361.12,0,0,0,0,0,5,428,0
7360.0,7,0,0,1,0,8,963,0
519.09,8,0,0,0,1,3,824,0
541.92,10,1,0,0,1,1,757,0
25902.75,14,0,0,0,2,12,353,0
2823.03,9,1,0,0,0,13,580,0
2788.33,9,0,0,0,4,10,651,0
10063.45,0,0,0,0,3,9,604,0
17662.99,20,1,0,0,0,9,677,0
25622.64,9,0,0,0,0,6,648,0
8409.4,20,0,1,0,0,7,442,0
2842.13,18,1,0,0,1,2,642,0
533.16,15,1,0,0,0,6,6,0
9017.46,23,0,0,0,3,6,672,1
4914.16,21,0,0,0,0,22,356,0
3322.2,12,1,1,0,5,8,403,1
14219.43,15,1,0,0,2,22,363,1
717.28,23,1,0,0,3,10,869,1
4081.03,9,0,0,0,0,5,402,0
78.51,23,1,1,1,0,16,867,1
3804.13,18,0,0,0,1,19,601,0
357.7,6,0,0,0,1,5,936,0
768.95,16,0,0,0,0,7,60,0
760.16,15,0,0,0,1,7,998,0
6295.41,16,0,0,0,0,8,168,0
8233.59,12,0,0,0,0,11,977,0
5263.32,8,0,0,1,0,8,578,0
19658.32,15,0,0,0,3,8,662,0
2828.78,23,0,0,0,0,9,37,0
2028.81,7,0,1,0,1,9,878,0
12187.02,21,0,1,0,0,2,33,0
1528.49,15,0,0,0,1,4,276,0
19827.22,12,0,0,0,3,8,424,0
83.37,10,0,1,1,0,7,140,0
21025.16,8,1,0,1,0,4,49,1
274.71,20,1,0,0,0,2,674,0
13316.33,10,1,1,0,3,7,867,1
4510.86,19,0,0,0,0,12,359,0
29750.97,4,0,0,0,0,12,949,1
469.97,17,0,0,0,0,8,60,0
4852.66,16,1,0,0,0,2,66,0
20911.45,13,0,0,1,0,3,284,0
4452.66,15,0,1,0,3,8,467,1
5965.77,7,0,0,0,0,9,696,0
7149.41,17,0,0,0,0,7,436,0
3646.77,14,1,0,0,2,1,11,0
5936.05,22,1,0,0,0,2,171,0
5276.96,14,1,0,0,1,9,764,0
13895.4,15,0,0,0,1,11,176,0
289.07,10,1,1,1,0,3,698,1
1989.06,17,0,0,1,0,5,697,0
18033.98,7,1,0,0,0,6,654,0
13268.05,13,0,0,0,0,12,998,0
3659.05,16,0,0,0,0,8,856,0
5817.6,19,0,0,1,4,2,182,1
1959.24,7,0,0,0,0,6,642,0
1260.42,9,1,1,0,2,5,42,1
3748.35,7,1,0,0,0,11,760,0
2625.72,18,0,0,0,3,10,647,0
5267.46,20,0,0,0,1,8,244,0
495.53,9,0,0,0,1,2,614,0
21999.76,18,1,0,0,0,13,649,1
25713.19,6,0,0,0,0,6,33,0
7197.18,21,0,0,0,0,7,859,0
4618.47,11,0,0,0,1,8,377,0
2232.28,10,0,0,0,2,10,762,0
10095.44,2,1,0,0,0,7,324,0
6935.98,16,0,0,0,2,7,448,0
1074.84,14,0,0,0,3,5,865,0
14519.81,23,1,0,0,0,8,191,0
10383.97,12,0,0,0,0,10,392,0
17960.43,18,0,0,0,1,2,827,0
7771.62,17,0,0,1,0,10,360,0
5712.42,12,0,1,0,1,3,137,0
3260.22,8,0,0,0,1,13,140,0
16204.11,18,1,0,1,0,4,58,1
12072.35,5,1,1,0,0,4,817,1
287.64,18,1,1,0,0,3,300,0
170.32,13,1,1,0,3,23,651,1
2844.09,17,0,0,1,0,2,656,0
9991.89,1,0,1,0,0,10,578,1
26195.65,6,0,0,0,2,7,111,0
988.06,6,1,0,0,0,5,166,0
5420.34,4,0,0,1,1,6,683,0
2886.84,8,0,1,0,0,1,357,0
21032.25,23,0,0,0,0,10,110,1
11085.48,4,0,0,0,0,11,368,0
10943.14,16,0,0,0,0,6,195,0
3804.49,6,1,0,0,4,5,355,0
3225.01,13,0,1,1,0,11,585,1
1926.33,6,1,0,0,0,5,187,0
358.16,23,0,0,0,0,5,740,0
12012.56,18,0,0,0,0,4,391,0
10066.7,21,1,0,0,0,3,501,0
49044.67,9,1,0,0,0,20,121,1
34179.24,12,0,0,1,3,14,410,1
4873.91,15,0,0,0,0,13,460,0
8801.7,21,0,0,0,0,26,464,0
17387.03,22,0,0,0,0,10,927,0
11378.63,23,0,0,0,0,8,664,0
1714.91,8,1,0,0,0,9,193,0
3602.96,6,0,1,0,0,11,440,0
839.78,8,0,0,0,0,3,63,0
18491.34,19,0,0,0,0,8,410,0
5601.09,19,1,0,0,0,16,314,0
1567.62,8,1,0,0,0,5,27,0
6692.98,5,0,1,0,0,6,325,0
5786.02,6,0,0,0,0,2,38,0
2670.52,18,1,0,1,3,8,47,1
733.23,23,0,0,0,1,8,497,0
6690.65,8,0,0,0,4,15,240,1
4417.66,20,1,0,1,0,3,891,0
8888.84,18,1,0,0,1,10,731,1
4415.86,12,0,0,0,0,24,533,0
11480.62,1,0,1,0,1,25,591,1
4826.52,9,0,0,0,0,8,507,0
4948.69,19,0,1,0,0,11,396,0
12566.55,9,0,0,0,0,15,125,0
3109.88,9,0,0,0,0,8,331,0
873.33,18,0,0,0,0,3,793,0
185.23,9,0,0,0,0,16,708,0
8452.34,13,0,0,0,0,8,365,0
5820.39,13,0,0,0,3,1,598,0
7315.99,13,0,0,1,2,3,122,0
1446.89,16,0,0,0,0,14,683,0
889.68,17,0,0,0,0,3,691,0
97.91,13,0,0,1,0,7,987,0
2600.12,11,1,1,0,0,2,89,0
5358.38,6,0,0,0,0,12,536,0
2997.89,15,1,0,1,0,4,9,1
3461.92,4,0,0,1,1,16,874,1
14080.37,18,0,0,0,0,9,790,0
2578.62,21,0,0,0,0,4,795,0
4339.15,9,0,0,0,0,5,317,0
9195.23,19,1,0,1,0,3,856,0
3040.48,8,1,0,1,1,10,833,0
5848.54,8,1,0,0,0,5,321,0
11908.84,12,0,0,0,0,3,142,0
17927.14,23,0,0,1,1,8,752,1
964.49,1,0,0,0,0,9,490,0
15679.98,6,0,1,0,0,3,93,0
4075.02,12,0,0,0,0,13,20,0
1802.41,13,1,1,0,0,5,865,0
3697.52,9,1,0,1,0,8,173,0
23491.92,15,0,0,1,1,8,679,0
4080.95,7,0,0,0,0,8,340,0
2401.7,22,0,1,0,0,5,753,0
6030.92,14,0,0,0,3,8,849,0
1657.77,16,0,0,0,0,7,158,0
483.37,17,1,0,0,5,12,461,1
837.85,17,0,1,0,0,7,470,0
832.11,21,0,0,0,1,3,960,0
998.56,22,0,0,0,1,18,614,0
906.76,19,0,0,0,2,10,870,0
6154.5,9,1,0,1,0,6,73,0
1214.48,7,0,0,0,0,10,348,0
2554.84,9,1,0,0,0,5,23,0
13635.84,7,0,0,0,3,11,919,1
3864.29,15,0,0,0,0,18,288,0
6617.73,20,0,0,0,3,14,337,0
1144.77,3,0,0,0,0,6,808,0
1291.31,15,1,0,1,0,7,678,0
260.36,17,1,0,0,0,14,62,0
1120.28,22,1,0,0,0,5,555,0
1969.29,19,0,0,0,2,13,988,0
1178.87,15,1,0,0,0,3,597,0
567.32,20,1,0,0,3,12,566,1
781.34,16,0,0,1,0,14,493,0
3715.78,11,1,0,0,1,21,553,1
1396.55,21,0,0,0,1,11,564,0
2727.89,2,0,0,0,0,4,695,0
4210.03,15,0,0,1,0,14,862,0
7044.74,20,1,0,0,0,10,429,0
250.63,22,0,0,0,0,6,979,0
9648.97,21,0,0,0,2,14,430,0
5941.56,17,0,0,0,3,6,946,0
521.77,8,0,1,0,1,10,435,1
12418.81,20,0,1,0,1,5,215,0
15230.16,5,0,0,0,0,11,326,1
388.14,8,0,0,0,0,7,915,0
1955.06,19,1,0,0,1,10,68,0
9855.61,17,1,1,0,0,7,561,0
8286.14,18,1,0,0,1,7,23,0
1233.88,22,0,0,0,1,16,901,0
1419.39,21,0,0,0,0,9,448,0
2786.71,13,0,0,0,0,4,289,0
3985.98,21,0,0,0,1,10,588,0
5788.01,13,1,0,0,0,2,228,0
2771.88,21,0,1,0,1,11,765,1
3735.35,20,1,0,0,0,8,571,0
8267.37,21,0,0,0,0,13,564,0
234.24,20,1,0,0,0,3,605,0
1755.62,18,0,0,0,1,6,206,0
7506.95,16,0,0,0,0,9,519,0
13544.6,19,0,0,0,0,10,555,0
4310.67,17,0,1,0,0,15,560,0
4567.18,23,0,0,0,0,4,630,0
690.17,22,0,0,0,0,4,938,0
3568.86,18,0,1,1,0,10,762,1
4573.64,8,1,1,0,0,10,958,1
1676.16,15,0,0,0,0,15,788,0
1892.05,9,0,0,0,0,4,239,0
2851.99,5,0,0,1,0,18,549,1
131.65,12,0,0,0,0,6,462,0
2342.35,20,0,1,0,0,6,994,0
1435.34,9,0,0,0,0,10,297,0
2390.5,14,0,0,1,5,13,681,1
775.38,19,0,0,1,0,5,855,0
13282.48,9,0,0,0,0,15,487,0
5412.39,7,0,0,0,0,7,744,0
6829.8,19,0,1,0,2,18,901,1
9350.25,18,0,0,0,3,2,673,0
4150.22,22,0,1,0,0,21,432,0
555.59,20,0,0,1,1,9,940,0
4631.55,13,0,0,0,0,11,458,0
5313.54,3,0,0,0,0,10,778,0
8219.3,9,0,0,0,0,13,445,0
3400.21,20,1,0,0,0,5,267,0
828.91,21,0,0,0,0,5,314,0
2012.57,8,0,0,0,0,4,211,0
2716.69,16,0,0,0,0,8,691,0
6239.35,12,0,0,0,1,6,765,0
5084.69,19,0,0,0,0,10,739,0
2651.24,17,1,0,0,0,8,143,0
25847.17,22,1,0,1,0,6,987,1
5595.0,17,0,0,0,0,6,517,0
1634.77,7,0,0,0,0,3,496,0
654.06,14,1,0,0,0,5,365,0
1005.33,12,1,0,0,0,15,573,0
1703.84,21,0,0,0,0,2,653,0
1060.99,21,0,0,0,2,6,301,0
1248.95,23,0,0,1,0,8,791,0
2023.64,19,0,1,0,0,6,272,0
1152.41,14,0,0,0,0,9,292,0
13634.51,21,1,0,0,4,11,760,1
511.81,1,0,1,0,0,7,906,0
4470.47,6,1,1,0,0,9,886,0
3179.83,19,0,0,0,0,7,608,0
24241.85,6,0,0,0,0,12,45,0
722.96,13,0,1,0,0,17,131,0
3053.55,12,0,0,0,0,4,106,0
20944.36,6,0,0,0,0,5,421,0
12047.46,7,0,0,0,0,14,264,0
10201.98,21,1,0,0,0,8,1,0
1799.65,10,1,1,0,1,13,467,1
1134.4,13,0,0,0,0,8,584,0
6637.36,14,0,0,0,2,16,983,0
15912.31,8,0,0,1,0,12,961,1
4891.9,10,1,0,0,1,8,30,0
5096.37,6,0,0,0,0,10,620,0
1980.85,19,0,1,1,0,10,452,1
8814.84,8,0,0,0,1,6,383,0
1252.47,7,0,0,0,1,10,981,0
2356.53,21,0,0,0,0,8,892,0
3334.87,18,1,0,0,1,3,85,0
4260.91,9,1,0,0,1,19,933,1
1675.68,11,0,0,0,0,7,596,0
741.9,2,0,0,0,2,8,28,0
5669.2,22,0,0,0,0,15,601,0
2053.38,10,1,0,0,0,11,609,0
5232.72,14,0,0,0,0,7,183,0
1015.99,6,0,0,0,0,10,318,0
3946.73,23,0,0,0,2,9,15,0
4573.28,16,0,0,1,0,18,97,0
329.29,14,0,0,0,0,25,707,0
2472.3,23,0,0,0,2,2,896,0
876.1,9,0,0,1,1,9,656,0
402.83,14,0,0,1,0,10,939,0
27617.21,12,0,0,0,0,17,879,0
2344.78,23,0,0,0,1,4,896,0
9970.42,15,0,1,0,0,4,602,0
1773.33,19,0,0,0,0,6,349,0
6874.85,20,0,0,0,0,8,917,0
8578.4,21,1,0,0,0,9,863,0
5442.68,6,0,0,0,0,6,507,0
3837.14,18,0,0,0,0,5,608,0
3194.55,23,0,1,0,1,5,584,1
2584.26,21,0,0,0,0,10,43,0
15925.34,18,0,0,0,0,15,263,0
10663.64,6,0,0,0,0,7,135,0
20129.06,23,0,0,0,0,9,821,0
806.37,17,0,0,0,0,6,698,0
7885.31,21,1,0,0,0,7,119,0
16726.76,10,1,1,1,0,12,220,1
1209.73,15,1,0,0,1,11,234,0
422.86,19,1,0,0,1,6,403,0
8118.36,9,1,0,1,0,18,539,1
5136.56,15,0,0,0,0,4,148,0
11074.46,10,0,0,1,2,3,868,0
913.35,4,0,0,0,1,8,622,0
9526.3,14,0,0,0,4,7,159,1
1361.08,19,1,1,0,0,6,514,0
1082.29,11,0,0,1,2,8,213,0
1086.67,21,0,0,1,0,3,701,0
10120.62,15,0,0,0,0,9,354,0
6575.28,8,1,0,0,0,13,827,0
4452.26,17,0,1,0,0,10,927,0
2676.77,21,1,1,0,0,2,753,0
12593.22,20,0,1,0,0,3,330,0
2999.88,21,0,0,0,2,12,312,0
10186.5,8,0,1,0,0,9,709,0
3479.65,16,0,1,0,2,9,164,0
2848.72,2,0,0,0,0,15,926,0
3736.97,16,0,0,0,0,14,115,0
2161.87,6,1,0,0,0,4,535,0
8270.66,9,0,0,1,0,10,39,0
4201.62,14,0,0,0,1,11,585,0
1595.46,18,0,0,0,0,10,596,0
13800.04,7,0,0,0,0,6,867,0
2915.99,14,0,0,1,1,6,326,0
4715.69,3,0,0,0,0,6,896,0
14226.97,16,0,0,0,0,7,886,0
5882.8,8,0,0,1,0,5,165,1
755.89,7,1,1,0,0,8,621,0
16873.7,14,0,1,0,1,9,109,1
5938.46,14,1,1,0,0,10,194,1
2456.96,3,0,0,1,0,14,571,1
909.86,8,1,0,0,0,8,850,0
9490.01,14,0,0,0,1,10,197,0
5816.65,6,0,0,0,2,6,270,0
4584.48,8,0,1,0,0,18,83,0
13469.82,9,1,0,1,0,8,819,0
9333.94,5,0,0,0,0,10,365,0
996.95,15,0,0,0,0,13,650,0
2251.38,17,1,1,1,0,4,248,1
1724.02,19,0,0,0,1,6,689,0
8184.21,21,0,0,0,1,3,693,0
214.65,2,0,0,0,0,5,565,0
5072.28,20,0,0,0,0,7,96,0
8634.48,22,0,0,0,0,9,89,0
12572.0,21,0,1,0,2,9,686,0
2522.05,17,0,0,0,2,7,993,0
10340.85,16,0,0,0,0,3,955,0
713.46,3,1,1,0,0,4,577,1
11252.46,20,0,0,0,0,13,611,0
828.28,21,0,1,0,0,5,822,0
3047.89,21,0,1,0,0,6,633,0
9586.03,4,0,0,0,0,11,570,0
984.53,18,0,0,1,0,7,679,0
1572.36,20,0,0,1,0,4,347,0
7696.26,9,0,1,0,0,13,330,0
7648.58,21,1,1,1,0,5,569,1
6159.07,12,0,0,1,1,15,354,0
7114.01,14,0,0,0,0,8,965,0
4704.81,18,0,0,0,2,4,975,0
1750.5,19,0,1,1,0,22,609,1
2555.1,19,1,0,0,0,12,408,0
1212.41,4,0,0,0,0,8,179,0
14355.26,20,0,0,0,0,7,87,0
5263.65,23,0,0,0,0,2,638,0
3083.47,10,0,1,0,0,10,257,0
3729.45,8,0,0,0,2,2,462,0
17666.94,4,0,0,0,1,3,732,0
1008.82,22,0,0,0,2,2,230,0
5304.67,17,0,0,1,0,12,237,0
4239.97,3,0,0,0,0,6,267,0
5682.07,3,0,0,0,0,2,841,0
119.66,21,0,0,0,1,9,981,0
12350.16,12,0,1,0,4,4,71,0
16149.93,5,1,0,1,1,9,839,1
5006.29,17,0,1,0,0,12,888,0
7167.22,19,1,0,0,0,6,91,0
15354.82,16,0,0,0,0,11,477,0
7380.38,6,1,0,0,0,5,843,0
1003.06,21,0,0,0,0,13,901,0
5162.21,8,0,0,0,0,3,619,0
5609.33,22,1,0,0,0,10,187,0
3321.25,14,1,0,0,0,7,524,0
8010.94,15,0,0,1,0,9,91,0
16352.06,13,0,0,0,1,3,180,0
15597.26,3,0,0,0,0,11,65,1
3606.19,7,1,0,1,0,10,904,1
731.07,18,0,0,1,0,10,54,1
25145.04,22,0,0,0,0,3,929,0
10964.31,9,0,1,1,0,7,613,0
808.88,12,1,0,0,2,10,938,0
15227.85,17,0,1,0,0,5,706,0
12246.54,14,0,0,0,0,5,758,0
4399.31,11,1,1,0,0,7,353,0
5378.28,16,0,0,0,0,4,324,0
3064.99,14,0,0,0,0,3,291,0
347.91,0,0,0,0,0,9,918,0
2459.59,7,0,0,1,0,5,551,0
9752.85,21,0,1,0,2,11,5,1
37.86,0,0,0,0,0,8,8,0
2444.28,13,0,0,0,1,3,574,0
3056.67,9,0,0,0,0,16,995,0
4635.3,7,0,0,0,0,24,51,0
15153.55,21,0,0,0,0,8,34,0
2561.06,13,0,0,0,1,9,41,0
2566.64,8,0,0,0,1,3,276,0
8035.05,8,0,0,0,0,11,594,0
3621.27,9,0,0,0,0,5,615,0
1536.29,17,0,0,0,3,12,155,1
3623.69,5,1,0,0,2,12,888,1
920.92,9,0,0,1,0,9,851,0
1174.33,20,0,0,0,0,10,73,0
4149.33,23,0,1,1,1,7,596,1
3267.26,18,0,0,0,0,9,711,0
14789.76,7,0,1,0,1,18,16,1
2710.21,8,0,0,0,0,7,78,0
5223.41,18,0,1,0,1,8,201,0
6012.34,10,0,0,1,0,13,263,0
89.09,3,0,0,1,0,5,661,0
6545.61,8,0,0,0,0,6,557,0
1186.35,3,0,0,0,2,12,890,0
19485.99,17,0,1,1,1,5,606,1
975.68,6,1,0,0,2,6,718,0
3223.01,10,1,0,1,2,10,993,1
545.28,11,1,0,1,0,7,155,0
34618.49,11,1,1,0,0,4,973,1
4195.28,3,0,0,0,0,6,642,0
5438.92,1,1,0,0,2,4,989,0
426.59,6,0,0,0,0,15,768,0
8326.82,14,0,0,0,0,8,455,0
1423.62,22,1,1,0,0,12,13,1
13709.89,20,0,0,0,0,10,629,0
1387.53,8,1,0,1,1,11,255,1
1279.42,13,0,0,0,1,5,975,0
233.41,3,1,1,0,0,11,749,1
3842.71,11,0,0,0,2,7,505,0
5002.26,3,0,1,0,0,7,403,0
417.8,6,0,0,0,0,5,713,0
8974.02,7,1,0,0,2,3,362,0
3633.01,8,0,0,0,0,4,822,0
4468.95,18,0,0,0,0,3,238,0
3497.09,14,0,1,1,1,9,186,1
3082.59,19,0,0,0,2,8,394,0
4930.98,14,0,0,0,1,4,899,0
1022.22,7,0,1,1,1,11,913,1
1214.83,5,0,0,1,0,14,138,1
11883.7,10,0,0,0,0,7,985,0
17535.47,1,0,0,0,2,3,299,0
2813.81,22,0,0,0,0,5,51,0
1904.39,12,0,1,0,0,11,434,0
6206.94,9,0,0,0,0,3,513,0
3162.94,13,1,0,0,1,9,532,0
164.28,10,0,0,0,0,11,343,0
1028.7,22,0,0,0,1,17,191,0
7562.1,8,0,0,0,0,4,883,0
6463.9,21,0,0,0,0,14,720,0
174.82,14,0,0,0,1,1,810,0
1515.96,1,0,0,0,0,24,310,0
1586.57,20,1,0,1,0,6,611,0
6696.49,15,0,0,0,2,10,825,0
129.44,8,0,0,0,1,13,46,0
669.62,10,0,0,0,0,7,398,0
9664.11,14,0,0,0,0,11,76,0
1190.07,15,1,1,0,0,9,511,0
6356.19,4,0,0,0,0,12,503,0
1642.29,5,1,0,0,0,9,182,0
638.44,21,0,1,0,0,9,132,0
1681.72,23,0,0,1,0,11,356,1
7696.57,23,0,0,0,0,10,447,0
11625.02,17,0,1,0,0,8,868,0
10649.51,13,0,0,0,0,1,277,0
3046.85,12,0,0,0,4,7,897,0
6627.26,7,0,0,0,4,8,572,0
1386.36,23,0,1,0,0,17,23,1
2091.6,9,0,1,0,1,8,528,0
13609.59,21,0,1,0,1,17,526,1
88.52,9,1,0,0,0,6,617,0
546.32,4,0,0,0,0,23,118,0
1408.3,10,0,0,0,0,13,77,0
171.34,4,0,0,0,0,22,386,0
1211.22,21,0,1,1,0,2,589,0
5258.61,23,0,0,0,3,6,647,0
3293.12,20,0,0,0,1,7,590,0
13401.18,22,0,0,0,2,5,467,0
10214.18,22,0,0,0,2,9,70,0
2519.64,0,0,0,0,1,6,78,0
1811.96,7,0,0,0,0,2,986,0
2875.24,23,1,0,0,0,4,140,0
5363.91,20,0,0,0,0,12,920,0
1882.37,23,0,1,1,1,3,662,1
5881.37,13,0,0,0,0,5,814,0
3169.82,7,1,0,0,2,15,746,0
4828.4,17,0,1,0,4,2,853,1
3447.55,10,0,0,0,0,9,880,0
2102.8,15,1,0,0,0,6,751,0
17801.6,19,0,0,0,2,9,414,0
8663.53,13,0,0,0,0,3,516,0
915.73,9,0,0,0,0,10,221,0
12181.03,18,1,0,0,2,9,232,0
4019.92,10,1,0,0,1,5,422,0
13507.24,15,0,0,0,0,6,715,0
9662.29,22,0,0,0,2,13,488,0
3332.54,0,0,0,0,0,2,44,0
146.35,9,0,0,0,0,3,976,0
1887.4,21,0,0,0,0,16,281,0
4690.53,6,0,0,0,0,4,964,0
6032.18,0,1,0,0,0,3,74,0
1799.53,7,1,0,0,3,6,98,1
910.45,22,0,0,0,0,10,503,0
10818.32,19,0,1,1,0,8,80,0
24973.74,7,0,0,0,0,5,568,0
4485.37,23,0,0,0,0,5,260,0
1140.13,22,0,0,0,2,11,192,0
1917.26,9,0,0,0,0,4,722,0
121.37,16,0,0,0,0,3,429,0
14751.33,3,0,1,0,0,16,377,1
761.69,16,1,0,0,1,11,595,1
5165.44,3,0,1,0,0,8,608,0
1931.69,21,0,0,0,0,10,13,0
4857.01,22,1,0,1,4,8,275,1
6333.33,17,0,1,0,0,8,265,0
10632.64,19,0,0,0,0,23,992,0
1397.22,23,0,1,0,4,4,984,1
76.34,18,1,1,1,1,15,868,1
893.25,6,0,0,0,1,6,218,0
13826.63,10,0,0,0,0,8,708,0
12433.61,23,0,0,1,0,22,828,1
5469.07,15,0,0,1,0,3,702,0
5515.5,21,0,0,0,5,3,384,0
6572.41,22,0,0,0,4,2,222,0
1166.93,21,1,0,0,0,8,161,0
14759.26,21,1,0,0,0,8,253,0
3265.66,18,0,0,0,0,6,481,0
2908.66,15,0,0,0,0,12,287,0
4400.3,20,0,0,0,0,11,830,0
298.63,6,1,0,0,1,8,719,0
1101.17,16,0,0,0,2,7,204,0
8047.23,18,0,0,0,1,7,203,0
528.57,19,1,0,0,0,7,873,0
5555.21,12,0,1,0,1,5,941,0
1699.0,14,0,0,0,1,6,369,0
2968.85,14,1,0,0,0,1,178,0
2053.91,13,1,0,1,0,6,727,0
2647.29,2,0,0,1,0,9,781,0
7627.38,20,0,0,0,1,14,738,0
2125.43,17,1,0,0,3,7,859,1
5023.86,3,0,0,0,0,17,804,0
3888.16,10,0,0,0,3,8,650,0
6548.0,21,0,1,0,0,8,562,0
16581.53,8,1,0,0,1,6,558,0
7923.43,17,0,0,0,2,7,828,0
1461.97,21,0,0,0,0,16,624,0
200.08,14,1,0,1,3,4,243,1
1835.02,11,0,0,0,0,12,534,0
5434.36,14,1,0,1,0,16,983,1
326.77,6,0,0,0,0,8,316,0
4125.44,11,0,0,0,0,3,930,0
5460.57,6,0,0,0,2,8,201,1
2450.99,11,0,0,0,0,8,642,0
8851.9,16,0,0,1,0,8,596,0
686.31,23,1,0,1,1,5,384,1
478.66,6,0,0,0,0,1,949,0
7825.88,17,1,0,0,0,10,712,0
4115.02,20,0,0,0,0,3,893,0
7006.26,18,0,0,0,0,11,540,0
3433.74,11,0,0,0,0,11,317,0
1707.38,2,0,1,0,0,19,340,1
10268.94,21,0,0,1,0,12,812,0
9649.13,0,1,1,0,0,9,135,1
7128.69,0,0,0,0,1,16,713,0
1915.92,0,0,0,1,1,19,224,1
5362.97,15,0,0,0,0,21,288,0
2696.86,12,0,0,0,3,13,189,1
586.3,21,0,1,0,2,15,507,1
14966.2,6,0,0,0,3,3,749,0
892.78,22,0,0,1,0,16,124,0
18012.94,22,1,0,1,2,13,29,1
3553.61,8,0,0,0,1,7,283,0
1238.38,11,0,1,0,0,6,304,0
4694.02,4,0,0,0,0,8,309,0
12388.85,23,1,0,0,1,3,795,0
7915.65,9,0,0,1,0,14,271,0
9866.76,23,0,1,1,0,7,352,1
6461.43,22,0,0,0,0,20,2,0
7081.32,19,1,1,0,1,8,271,1
11360.63,0,0,0,0,3,15,172,1
1733.44,23,0,0,0,0,4,684,0
4043.31,19,0,0,0,1,5,267,0
1510.08,7,0,0,1,0,7,969,0
26383.35,14,0,0,0,1,13,451,0
17310.78,22,0,0,1,0,8,864,0
251.35,14,0,0,0,2,7,162,0
7346.39,15,0,0,0,0,6,436,0
15571.5,18,0,1,0,0,6,324,1
1204.92,1,0,0,1,0,5,669,0
5045.22,10,0,0,0,1,4,816,0
14835.19,3,1,0,0,3,12,655,1
217.21,1,0,0,0,0,21,139,0
7182.46,11,1,1,0,0,12,298,1
2127.37,11,0,0,1,1,3,357,0
15503.49,17,1,0,0,2,1,177,0
21264.82,10,0,0,1,0,12,893,1
17333.04,21,0,0,0,0,8,751,0
3867.17,16,0,0,0,0,3,586,0
11894.86,15,0,0,0,0,6,783,0
11178.56,8,0,0,1,0,9,11,0
2316.04,6,0,0,0,0,5,561,0
10603.59,12,0,1,0,0,6,254,0
236.26,15,0,0,0,1,8,637,0
5452.05,0,0,1,0,5,3,650,1
1578.26,8,0,1,0,3,9,912,0
780.87,21,0,0,0,1,11,727,0
490.45,12,0,0,1,2,7,11,0
7160.07,14,1,0,0,0,6,453,0
2501.96,8,0,0,0,0,11,590,0
7750.82,9,0,0,1,0,4,746,0
415.54,11,1,0,0,1,10,822,0
2282.56,18,0,0,0,4,15,471,0
4662.54,21,0,0,1,2,4,768,0
9394.58,19,1,0,1,0,4,689,0
2312.98,17,0,0,0,1,6,917,0
5909.25,12,0,0,0,3,6,479,0
13038.17,16,1,0,0,0,6,141,0
5750.54,14,1,1,1,1,5,24,1
1601.29,16,0,0,0,0,6,595,0
158.22,13,0,0,0,2,2,690,0
12255.89,6,0,0,0,0,9,562,0
138.99,4,0,0,0,0,9,964,0
12472.35,12,0,0,0,1,10,967,0
4526.58,7,0,0,0,0,23,892,0
16797.95,15,1,1,0,0,7,18,1
9630.24,16,1,0,1,0,9,447,0
37103.17,11,0,0,0,2,8,566,0
2601.27,6,0,0,0,0,5,877,0
8755.15,6,0,0,1,2,6,231,0
3094.29,16,0,0,0,1,9,601,0
3932.12,12,0,0,0,0,20,444,0
5935.2,23,1,1,1,0,4,460,1
12423.48,16,0,0,0,0,10,823,0
24852.38,1,1,0,1,0,10,657,1
8783.18,9,0,0,0,0,6,264,0
3255.31,12,0,0,0,0,2,771,0
3292.42,21,0,0,0,0,5,877,0
8036.91,23,0,0,0,0,4,935,0
1646.97,18,1,1,1,1,4,230,1
712.4,6,0,0,0,0,4,764,0
2637.52,13,0,0,0,3,12,415,1
2041.65,6,0,1,0,0,15,611,0
2118.49,16,0,0,0,0,11,831,0
1606.37,15,1,0,0,0,3,754,1
268.03,19,0,0,0,0,3,356,0
118.21,7,0,0,1,1,14,432,0
26409.87,9,0,0,0,0,11,96,0
3359.32,2,0,0,0,0,2,337,0
2920.23,20,0,0,0,0,8,970,0
6840.0,20,0,0,1,0,3,954,0
1487.35,12,0,0,0,0,7,301,0
17979.74,17,1,1,0,0,5,87,1
9270.36,16,0,0,0,0,8,515,0
571.98,17,0,0,0,0,7,717,0
3253.39,6,1,0,0,0,7,930,0
12687.66,9,0,0,0,1,14,949,0
17383.37,20,0,1,0,0,7,23,1
3789.92,23,0,0,0,0,7,945,0
5712.37,16,0,0,0,0,9,476,0
1106.57,18,0,0,0,0,3,671,0
28386.67,12,0,0,0,0,10,474,0
1591.23,22,0,0,0,0,9,72,0
17170.06,17,0,1,0,0,9,789,0
6302.88,22,1,0,0,0,9,184,0
5624.93,20,0,1,0,1,19,395,1
4323.11,5,1,0,0,2,7,643,0
1583.41,21,0,1,0,0,4,370,0
1175.35,13,0,0,0,0,9,7,0
1504.51,20,0,1,1,0,4,806,0
1248.0,12,0,0,1,1,7,836,0
9083.44,21,0,1,1,4,8,695,1
2595.85,22,1,0,0,0,6,989,0
367.5,4,0,0,0,0,8,265,0
20872.51,16,0,0,1,1,4,457,0
12923.93,5,0,1,0,1,8,323,1
15775.93,12,0,0,0,0,16,721,0
31690.3,1,0,0,0,1,13,484,1
1156.2,15,1,0,0,0,9,522,0
3037.49,13,1,0,1,0,6,813,0
8528.82,17,0,0,0,0,13,497,0
7154.77,23,0,0,0,0,9,23,0
1012.68,20,0,0,1,1,5,18,0
10161.48,9,0,0,0,1,11,958,0
1535.02,22,0,1,0,2,11,952,1
1530.21,13,1,1,0,0,2,133,0
4629.84,14,1,0,0,0,21,240,0
5402.77,16,1,0,0,0,3,346,0
5216.24,12,0,0,0,0,17,721,0
585.68,7,0,0,1,1,8,850,0
12605.95,15,0,0,0,0,2,208,0
1862.21,12,0,0,0,0,13,708,0
842.23,19,0,0,0,0,9,595,0
13185.75,9,0,0,0,0,6,80,0
18704.06,22,0,0,0,0,4,493,0
11898.56,7,1,0,1,0,9,981,1
9959.12,18,0,0,0,1,8,548,0
6399.48,19,1,0,0,1,3,642,0
4812.49,6,0,0,0,0,11,285,0
556.03,23,0,0,0,0,9,75,0
3160.09,23,1,0,0,1,3,665,1
2807.87,18,0,0,0,0,11,535,0
1814.63,4,0,0,0,1,1,309,0
7721.53,13,0,0,0,0,9,492,0
4119.59,21,0,0,0,0,8,704,0
517.12,10,0,0,0,3,5,78,0
1502.18,18,1,0,0,0,7,972,0
6908.02,18,1,0,0,0,1,75,0
485.11,15,0,0,0,0,11,644,0
11441.19,4,0,0,1,0,8,842,0
4110.92,3,1,0,0,0,3,525,0
3940.33,15,0,1,0,0,1,413,0
5394.93,19,0,0,0,0,7,149,0
10456.89,13,1,0,0,3,8,610,1
2574.51,8,1,0,0,0,1,648,0
6809.52,6,1,0,1,0,4,354,0
5014.56,16,0,0,0,0,8,392,0
1873.89,6,0,0,0,0,9,989,0
12663.47,20,1,1,0,0,9,501,0
9589.9,15,0,0,0,0,14,212,0
6455.6,12,1,0,0,2,10,39,1
11416.03,14,0,0,0,0,8,81,0
12127.72,18,1,0,0,0,12,423,1
7403.47,9,0,1,0,1,12,988,1
10894.52,6,0,0,1,0,7,949,0
7183.48,6,0,0,0,1,6,838,0
6849.25,10,0,1,0,0,11,293,0
5793.62,16,0,0,0,1,9,863,0
8393.32,3,0,0,0,1,3,199,0
1046.17,18,1,1,0,2,7,429,1
12775.28,12,0,0,0,0,12,928,0
12337.02,10,0,0,0,1,4,927,0
188.1,22,0,0,0,0,16,385,0
10495.88,8,1,1,0,1,5,898,1
837.78,0,0,1,1,0,3,310,1
2458.88,21,0,0,0,0,6,415,0
8173.95,14,1,1,0,0,8,910,0
1061.55,17,0,0,0,0,4,119,0
10231.4,13,0,0,0,0,6,408,0
10717.54,15,0,0,0,0,13,781,0
4259.17,1,1,0,0,0,6,852,0
48.44,16,0,0,0,1,4,715,0
2039.96,7,1,0,1,0,7,515,0
5767.18,18,1,0,0,0,2,585,0
23848.98,23,0,1,0,0,10,510,1
6004.99,23,0,0,0,0,7,546,0
1815.04,11,0,1,0,0,3,10,0
6040.83,14,0,1,1,5,16,847,1
4668.98,14,0,0,0,0,9,625,0
9090.55,18,1,0,0,1,1,326,0
688.88,21,0,0,1,0,6,11,0
8598.45,19,0,0,1,2,10,995,0
4685.72,8,0,0,0,0,10,999,0
19789.73,7,0,0,1,2,4,893,0
2520.14,1,0,0,0,0,3,876,0
6018.18,0,0,0,0,0,4,541,0
16141.97,12,0,0,0,0,7,879,0
658.92,14,0,0,0,0,10,360,0
16619.52,17,0,0,0,0,19,158,0
6996.32,14,0,1,1,0,11,591,1
431.49,21,1,0,0,1,9,258,0
2158.31,20,1,1,1,0,7,727,1
7399.55,21,0,0,0,0,3,141,0
428.36,12,0,0,0,0,6,346,0
5246.09,19,1,0,0,1,17,885,1
2556.81,23,0,0,0,0,11,236,0
5829.98,1,0,0,0,0,8,165,0
290.93,22,0,1,0,0,12,149,0
12322.68,12,0,0,0,0,3,789,0
21791.17,9,0,0,1,0,5,810,0
20829.01,6,0,0,0,3,28,453,1
8319.42,15,1,0,0,0,15,446,0
846.17,18,0,0,0,0,18,71,0
8529.43,20,0,0,0,1,9,123,0
159.37,12,1,0,0,0,4,600,0
144.23,13,1,0,0,0,4,955,0
2355.91,8,1,1,1,5,15,847,1
4034.13,2,1,0,0,4,12,580,1
8838.69,2,0,0,0,0,4,535,0
6908.71,17,1,0,1,0,11,688,1
3552.49,22,0,0,1,2,8,345,0
1928.15,6,0,0,1,0,8,527,0
35119.17,16,0,0,0,0,17,301,0
3342.65,8,0,0,0,0,13,397,0
3612.17,11,1,0,0,0,10,770,0
1082.06,7,0,0,1,5,14,441,1
9512.9,18,0,0,1,1,5,368,0
7108.79,11,0,0,0,0,16,102,0
1506.69,3,0,0,0,1,6,777,0
525.84,8,0,0,0,0,5,663,0
6855.97,13,0,0,0,2,5,653,0
6386.77,21,1,1,0,0,20,421,1
1925.12,8,0,0,0,0,4,837,0
18088.93,21,0,0,1,0,6,529,0
992.59,10,0,0,0,0,2,467,0
3407.34,14,0,0,0,0,3,278,0
17263.41,7,0,0,0,0,8,672,0
3275.54,23,0,1,0,5,15,640,1
6115.39,11,0,0,0,2,3,370,0
3050.95,13,0,0,1,0,2,699,0
1933.01,22,0,0,0,2,9,534,0
24812.62,1,0,0,0,3,22,399,1
3169.03,13,0,0,0,1,5,894,0
13481.52,20,0,0,0,0,3,101,0
1577.83,20,0,0,0,2,9,784,0
1447.96,17,1,0,0,0,9,33,0
199.77,3,0,0,0,0,10,35,0
6337.58,19,0,0,0,0,10,209,0
2768.19,7,0,0,0,0,4,925,0
11996.43,15,0,0,1,3,4,375,0
3855.72,22,0,0,0,1,8,587,0
20698.49,6,1,0,0,2,7,359,0
1241.27,2,1,1,0,1,5,849,1
12188.11,21,1,1,0,0,3,744,0
9002.66,3,1,0,0,1,10,476,1
8852.15,13,0,0,1,0,14,215,0
11187.6,18,0,1,0,0,4,915,0
8598.35,20,0,0,0,1,7,642,0
5914.53,8,1,0,1,0,20,793,1
854.16,14,0,0,0,1,22,87,0
208.4,16,0,0,0,0,20,534,0
15228.3,12,0,0,0,1,12,181,0
5762.85,22,1,0,0,0,8,261,0
9563.64,10,0,0,0,0,7,595,0
3951.15,22,0,0,0,0,10,702,0
758.67,23,1,0,0,0,6,629,0
812.46,4,0,0,0,0,10,398,0
6951.87,2,1,0,0,0,12,92,1
3385.93,8,0,0,0,1,11,264,0
1352.8,9,0,0,0,0,11,722,0
4068.86,14,1,0,0,0,1,291,0
408.18,6,0,0,0,0,13,323,0
5243.23,5,0,0,0,3,4,400,0
1890.0,9,0,0,0,3,6,317,0
9593.84,9,0,0,0,0,6,838,0
2239.53,11,0,0,0,0,2,293,0
3654.24,23,0,0,0,0,8,857,0
80.13,20,0,0,0,0,11,957,0
461.23,15,1,0,0,0,5,111,0
3000.35,8,0,0,1,0,14,577,0
3932.85,2,0,0,1,0,4,502,0
5508.05,11,0,0,1,0,7,951,0
2079.01,9,0,0,1,0,10,671,0
7134.3,22,1,0,0,0,7,737,0
11811.93,12,0,0,0,2,11,140,0
9090.7,3,1,0,0,2,9,831,0
252.55,21,0,0,0,2,9,150,0
3939.41,10,0,0,0,0,18,116,0
675.12,7,0,0,0,0,11,132,0
1672.79,12,0,0,0,0,8,861,0
25913.1,15,0,0,0,0,3,608,0
932.37,10,0,1,0,0,11,278,0
4155.56,12,0,0,0,2,9,250,0
5786.45,17,1,0,0,4,3,508,0
7283.34,14,0,0,1,1,9,107,0
4931.09,8,0,1,1,1,9,618,1
68.91,11,0,1,0,0,12,827,0
2381.26,14,0,0,0,1,9,712,0
4385.28,16,1,0,1,3,8,464,1
561.81,16,0,0,0,0,4,492,0
2600.49,22,0,0,1,0,22,355,0
212.6,3,0,0,0,0,10,247,0
501.03,21,0,0,0,0,10,301,0
3044.27,17,0,0,0,0,4,315,0
864.33,12,0,0,0,3,4,138,0
5039.6,3,1,0,0,0,10,916,1
7026.75,10,0,0,0,1,9,35,0
9684.25,16,0,0,0,0,4,435,0
1349.99,8,0,0,0,0,4,139,0
1109.81,2,0,0,0,0,3,470,0
672.69,21,1,0,0,1,5,843,0
6080.7,23,1,0,0,0,6,458,0
7364.77,19,0,0,0,4,8,952,0
202.57,21,0,0,0,1,6,334,0
16523.16,7,0,1,0,1,9,785,0
330.22,22,0,1,0,3,4,957,1
4686.11,8,0,0,0,5,2,692,0
7417.84,11,1,0,0,0,7,593,0
12296.22,7,0,0,1,1,3,696,0
7522.4,23,0,1,1,0,10,190,1
9718.7,19,1,0,0,0,12,229,0
2498.1,3,0,0,0,0,9,563,0
10128.73,15,1,0,0,0,11,808,0
511.04,11,0,0,0,0,7,457,0
13522.3,16,1,0,0,0,11,757,0
4769.03,14,0,0,1,1,3,285,0
10209.39,14,0,0,0,0,5,945,0
3622.37,7,0,0,0,0,11,27,0
6199.83,4,0,1,0,2,2,891,0
4494.39,13,0,1,0,0,5,944,0
7901.43,19,1,0,0,0,16,950,0
520.93,20,1,0,0,4,11,172,1
383.5,21,0,0,0,0,7,693,0
1712.96,11,0,1,0,0,2,988,0
1052.87,18,0,0,0,1,7,766,0
12334.21,14,0,0,0,0,6,699,0
1494.72,10,0,0,0,0,6,470,0
22354.62,21,1,0,0,1,13,781,1
2474.94,16,0,0,0,0,6,272,0
1216.22,16,0,0,0,0,10,812,0
9365.28,22,0,0,1,0,5,956,0
6460.1,15,1,0,0,1,11,964,0
4147.27,16,0,0,0,1,6,263,0
4872.99,3,0,0,0,2,4,846,0
7630.71,4,0,1,0,0,13,5,1
1566.16,1,0,1,0,1,9,256,1
33661.79,18,0,0,0,1,4,263,0
22093.84,17,0,1,0,0,8,970,0
6314.52,21,0,0,0,4,10,18,1
1345.43,11,0,0,0,2,12,707,0
6850.89,23,1,0,0,0,16,397,1
459.62,15,0,0,0,1,23,333,0
196.79,14,0,0,0,1,11,177,0
1797.87,18,0,0,0,0,11,668,0
3736.33,12,0,0,0,2,11,272,0
12172.12,3,0,0,0,1,8,339,0
7803.42,6,0,0,0,1,10,280,0
8155.23,9,0,1,0,0,9,309,0
3335.46,14,1,0,0,0,5,681,0
2557.29,21,1,0,0,0,8,785,0
2792.11,12,0,0,0,1,9,629,0
26374.38,12,0,0,1,0,10,699,1
255.61,15,1,0,0,0,6,475,0
12115.86,17,0,0,0,0,8,914,0
5196.11,17,0,0,0,0,8,520,0
3474.09,23,1,0,0,1,11,34,1
7761.53,21,1,0,0,1,4,507,0
4011.01,17,0,0,0,0,6,448,0
12411.44,10,0,0,1,0,5,857,0
13867.77,9,0,0,0,0,11,176,0
3296.19,2,1,0,0,0,14,710,1
1954.65,22,1,0,0,1,17,346,0
5394.08,19,0,0,0,0,9,425,0
14617.34,18,1,1,0,0,11,530,1
1429.37,22,0,0,0,1,11,969,0
5862.53,10,0,0,1,4,11,244,1
6000.87,18,1,0,0,5,5,256,1
7935.58,10,0,0,0,3,9,29,0
856.39,20,0,0,0,1,2,611,0
7558.99,16,0,0,1,1,5,292,0
14393.52,6,0,0,0,1,9,27,0
1198.39,17,0,0,1,2,4,104,0
1637.26,11,0,0,0,3,8,576,0
21335.06,23,1,0,0,0,18,263,1
1207.86,14,0,0,0,0,8,502,0
11570.74,19,1,0,1,0,10,178,1
4076.93,6,0,0,0,1,14,154,0
1713.98,10,0,1,0,1,10,111,1
12286.04,19,0,0,0,2,2,623,0
3546.02,11,1,0,0,0,7,264,0
4349.38,22,0,0,0,0,6,245,0
2680.54,21,0,0,1,4,6,421,0
5402.93,15,1,0,0,0,8,758,0
1081.34,1,0,0,0,0,18,755,0
2986.43,6,1,1,0,1,11,658,1
20932.95,10,1,0,0,0,6,940,0
1801.52,0,0,0,0,0,6,627,0
6425.54,2,0,0,1,0,13,413,1
2369.95,9,0,0,1,0,4,181,0
8919.35,20,0,0,0,0,2,986,0
851.6,11,1,0,0,0,9,29,0
21013.66,11,1,0,0,0,8,377,0
3638.51,11,0,0,0,0,14,293,0
1625.52,15,0,0,1,1,9,982,0
468.03,7,0,0,0,0,4,16,0
1126.23,18,0,0,0,0,7,515,0
4410.99,12,0,0,0,0,7,485,0
2475.91,12,0,0,0,0,21,756,0
10602.46,22,0,0,0,0,7,279,0
3392.06,5,0,1,1,0,5,824,1
1725.82,8,0,0,0,4,13,268,0
5770.59,7,0,0,1,2,3,33,0
7370.94,15,1,0,0,0,13,931,0
1106.63,15,0,0,0,0,12,553,0
1110.79,3,1,0,0,0,14,398,1
234.16,0,0,0,0,0,8,561,0
8009.98,8,1,0,0,1,11,624,0
6550.38,19,1,0,0,0,5,472,0
3871.93,20,0,0,0,2,17,818,0
11163.95,8,0,1,0,3,2,794,1
9839.19,18,1,0,0,0,5,202,0
5291.99,21,0,1,0,0,2,300,0
12172.06,19,1,1,1,0,14,709,1
1392.83,20,1,0,1,0,10,627,1
722.16,16,0,0,0,3,8,151,0
1896.21,15,0,0,0,0,2,914,0
362.69,7,0,0,0,0,14,651,0
4555.08,22,1,0,0,1,17,328,1
16560.29,7,0,0,0,0,9,225,0
250.83,8,0,0,0,0,14,575,0
791.4,9,0,0,0,0,10,134,0
3621.06,11,0,0,0,1,5,173,0
16307.25,12,0,0,0,0,6,892,0
2290.15,16,0,0,0,1,14,783,0
4256.34,7,0,0,0,0,1,835,0
264.77,19,0,0,0,0,4,141,0
973.43,17,1,0,0,0,4,891,0
25898.51,5,0,0,0,4,11,785,1
20144.83,10,1,0,1,0,9,90,1
39.71,10,1,0,0,0,3,113,0
18205.84,10,0,0,0,3,10,715,1
6125.26,17,0,0,0,4,2,876,0
12156.01,19,0,0,0,1,15,99,0
3648.95,13,0,0,0,0,3,70,0
4359.02,13,0,0,0,0,15,359,0
4036.51,20,1,0,0,0,5,692,0
6605.23,7,0,0,0,1,5,860,0
912.5,21,1,0,0,0,7,287,0
192.59,18,0,0,0,0,4,419,0
2218.41,23,0,0,0,0,14,916,0
7328.19,12,1,0,0,0,2,19,0
1362.78,23,0,1,0,1,18,781,1
6724.71,10,0,1,0,1,5,516,0
21031.78,7,0,0,0,1,5,518,0
601.64,15,0,0,0,0,8,940,0
6709.47,19,0,0,1,2,16,875,0
3529.23,8,0,0,0,0,9,505,0
12166.19,7,0,0,0,0,9,509,0
1179.89,1,0,0,0,0,11,763,0
7088.14,6,1,0,0,0,9,714,0
10935.23,23,0,0,0,0,13,362,0
17370.59,11,0,1,0,0,9,999,0
6907.82,18,0,0,0,3,2,759,0
4135.08,15,0,0,0,2,5,695,0
5781.61,5,0,0,0,0,14,69,0
12201.0,1,0,0,1,0,16,183,1
5082.33,6,0,0,0,0,5,172,0
195.15,9,0,0,0,0,13,696,0
16047.43,14,0,1,0,0,3,351,0
7027.95,6,1,0,0,0,19,503,0
6781.59,12,0,0,0,1,6,640,0
1467.59,22,0,0,1,0,18,573,0
6463.22,13,0,0,0,0,17,739,0
3013.91,14,0,0,0,1,7,351,0
6330.11,10,1,0,0,1,9,938,0
686.28,8,0,0,0,0,4,121,0
6444.95,23,1,0,0,0,6,106,0
44660.34,9,0,0,0,3,10,542,1
306.48,19,0,0,0,1,8,998,0
22689.18,11,1,0,1,0,5,184,1
3144.43,8,0,1,0,0,6,975,0
12286.2,20,1,0,1,0,6,268,0
9160.18,21,0,0,0,0,12,294,0
5032.33,7,0,0,0,0,7,148,0
8056.76,14,0,0,0,0,8,273,0
12657.81,22,0,0,0,1,3,237,0
3116.5,21,0,0,0,0,4,510,0
2386.36,21,0,0,0,0,14,391,0
6618.38,3,0,0,0,0,5,520,0
9906.75,13,0,0,0,0,8,413,0
8630.1,21,0,0,0,0,19,639,0
9601.39,16,1,0,1,0,4,660,0
3441.77,20,0,0,0,1,13,32,0
10227.03,7,0,0,0,0,11,232,0
778.43,11,0,1,1,1,5,556,1
4728.01,11,1,0,0,1,8,586,0
44.65,22,0,0,0,0,5,205,0
2364.58,14,1,0,0,1,9,914,0
2748.61,11,1,0,1,4,4,922,1
3036.8,17,0,0,0,0,12,235,0
7143.86,18,0,0,0,2,9,440,0
2961.61,10,1,0,0,0,3,445,0
3582.79,8,0,0,1,0,13,932,1
1637.26,15,0,0,1,0,8,140,1
2813.26,2,1,0,0,1,7,698,0
1556.95,8,0,1,1,0,6,494,1
466.08,14,1,0,0,1,11,73,1
5559.7,15,1,0,0,1,10,323,0
6629.57,16,0,0,1,0,15,915,0
5807.46,10,0,0,0,0,18,807,0
3746.07,14,0,0,0,0,8,120,0
2876.14,10,0,0,0,0,1,127,0
11951.28,6,1,0,0,2,4,102,0
4402.35,7,1,0,1,0,4,230,0
3924.13,11,0,0,1,0,5,442,0
165.86,0,0,0,0,0,4,216,0
2514.45,17,0,0,1,2,2,603,0
2880.11,22,1,0,0,0,6,875,0
3063.19,9,0,0,0,5,6,138,0
5217.47,17,1,0,0,1,15,460,0
4586.3,14,0,0,0,2,7,874,0
5627.51,20,1,0,0,0,12,658,0
8696.04,10,0,0,0,0,12,869,0
10069.42,14,0,0,0,0,21,364,0
7607.71,13,0,1,0,0,10,370,0
18686.79,11,1,1,0,1,1,381,1
120.41,4,0,1,0,0,2,687,0
1317.28,4,0,0,0,0,3,51,0
55.55,12,0,0,0,0,16,807,0
6265.8,14,0,0,0,0,3,833,0
13708.49,17,0,0,0,0,4,36,0
1684.18,3,0,0,0,0,16,983,0
15716.61,23,0,0,1,1,9,709,1
382.96,1,0,0,0,0,15,510,0
16358.37,18,0,0,0,0,3,204,0
2609.69,7,1,0,1,0,5,208,0
651.64,22,0,0,0,0,5,133,0
4001.7,6,0,0,1,1,12,208,0
1790.55,2,0,0,0,1,6,131,0
2021.77,0,0,0,0,0,6,424,0
2212.86,14,0,0,0,0,9,563,0
9758.1,12,1,1,0,0,11,375,1
4658.24,19,1,0,1,2,4,785,1
2247.76,23,0,0,1,1,14,267,1
5664.79,6,0,0,1,0,17,46,0
7565.87,10,0,0,1,3,7,995,0
1919.87,20,1,1,1,0,13,575,1
3212.0,17,1,0,0,1,7,497,0
789.87,17,0,0,1,4,7,932,0
1209.12,10,0,0,0,0,1,915,0
6867.6,8,1,0,0,0,5,716,0
1211.24,20,0,1,0,1,5,809,0
4478.71,7,0,0,1,0,8,642,0
7417.55,10,1,0,0,2,1,27,0
688.19,16,0,0,1,0,6,284,0
5036.43,19,0,1,0,1,3,862,0
1788.83,15,1,1,0,0,5,61,0
19779.18,13,0,0,1,0,2,638,0
3974.61,20,0,0,0,2,9,421,1
9849.15,15,0,0,1,1,9,714,0
4804.07,9,0,1,0,0,11,35,0
276.3,13,0,0,0,0,3,275,0
6026.84,17,0,0,1,1,10,827,1
18155.2,12,0,0,0,2,6,309,0
5531.97,16,1,0,0,1,15,210,1
10271.81,3,0,0,0,0,13,485,1
12945.68,10,1,0,0,0,3,579,0
1563.24,15,0,1,0,2,7,658,0
1439.88,15,1,0,0,1,8,597,0
5674.76,14,0,0,1,0,12,974,0
3186.26,22,0,0,0,0,9,803,0
11000.29,21,0,0,0,0,11,872,0
13826.9,17,0,1,1,1,7,690,0
2626.36,13,0,0,1,1,8,887,0
1631.97,14,0,0,0,2,8,168,0
9109.12,16,1,0,0,0,5,871,0
1937.9,17,1,0,0,0,7,882,0
10386.57,11,1,1,0,2,7,569,1
3317.16,16,0,0,0,0,9,298,0
6617.59,14,1,1,0,0,17,470,1
612.47,21,1,0,0,0,10,105,0
5876.75,18,0,0,0,3,3,291,0
3616.34,6,0,0,0,0,9,713,0
5310.16,14,0,0,0,0,9,848,0
1113.64,18,0,0,0,0,8,595,0
8020.73,1,0,0,1,0,9,579,0
11927.77,21,0,0,0,0,4,94,0
1475.74,18,0,0,0,0,6,444,0
613.66,18,0,0,0,2,13,664,0
153.53,13,0,0,0,0,9,374,0
6172.86,6,1,0,0,0,7,769,0
5615.11,6,1,0,0,2,10,178,0
4757.17,2,1,0,0,0,21,586,1
1593.38,12,0,0,1,0,6,863,1
2984.7,22,0,0,0,0,5,638,0
5425.46,23,0,0,0,1,5,488,0
4130.21,12,0,0,0,1,13,55,0
26440.8,18,0,0,0,0,2,184,0
890.15,21,0,0,0,0,6,104,0
7137.51,19,1,0,0,1,3,150,0
3118.3,22,0,0,0,0,9,343,0
3363.79,0,0,0,0,1,20,278,0
7596.54,11,0,0,0,0,14,363,0
7084.44,7,0,0,0,0,10,449,0
28446.32,7,0,0,0,0,7,453,0
834.51,9,0,0,1,0,4,794,0
669.62,6,0,0,0,0,7,957,0
7741.5,16,0,0,0,0,11,209,0
5192.0,8,0,0,1,0,10,640,0
1932.56,22,0,0,0,0,5,482,0
506.5,20,0,0,0,0,3,949,0
547.31,8,1,0,0,0,6,880,0
13486.71,9,0,0,0,1,11,479,0
1288.17,16,0,0,1,3,5,418,0
2353.8,21,0,1,0,0,3,590,0
1552.19,10,0,0,0,0,3,640,0
2641.0,5,0,0,0,0,17,908,0
441.71,11,0,0,0,0,13,740,0
4402.07,18,0,0,0,1,11,335,0
430.04,8,0,1,0,0,10,771,0
9677.33,16,0,0,0,1,11,841,0
1607.18,17,1,0,0,0,8,522,0
4669.33,17,1,0,0,0,12,837,0
12735.54,20,0,0,1,2,2,642,0
6323.99,0,0,0,1,0,12,730,1
4578.01,2,0,0,1,0,6,838,0
2362.34,19,0,0,0,0,5,237,0
2439.81,21,0,0,0,5,9,134,0
6652.65,5,0,0,0,0,13,325,0
30846.98,7,1,0,0,0,18,430,1
6515.4,1,0,0,0,1,5,348,0
4905.73,23,0,0,0,0,8,83,0
7880.47,10,0,0,0,2,4,792,0
3765.24,21,0,0,0,0,1,165,0
382.16,15,1,0,0,4,11,730,1
4967.29,23,0,0,0,1,5,207,0
18977.22,5,1,0,0,0,22,656,1
1166.43,7,0,1,0,0,5,948,0
7037.19,15,0,0,0,3,8,607,0
1355.87,15,1,0,0,1,7,492,0
4615.0,18,0,0,0,0,4,116,0
620.05,19,0,0,0,1,3,366,0
3601.07,20,0,0,0,0,8,946,0
8477.54,20,0,0,0,0,13,285,0
2572.32,14,0,0,0,0,8,755,0
6570.17,9,1,0,1,0,6,55,0
9531.66,22,1,0,0,0,7,470,0
15728.41,2,0,0,0,0,6,311,0
1614.47,11,0,0,0,1,4,423,0
3068.12,18,0,0,0,0,20,697,0
1002.19,13,1,0,0,0,6,19,0
29353.93,5,1,0,0,2,17,646,1
15713.85,12,0,0,0,0,2,690,0
4668.61,0,0,0,0,0,12,547,0
11082.23,11,0,0,0,1,6,630,0
4425.8,23,0,1,0,1,7,512,1
5872.39,8,0,0,0,0,8,767,0
570.09,18,0,1,1,0,6,939,0
8455.61,16,0,0,0,0,6,241,0
829.82,10,1,0,0,2,4,56,0
10504.53,7,1,1,0,0,4,292,0
9150.33,20,1,0,0,0,3,527,0
7411.33,11,0,1,0,2,14,805,1
230.98,6,0,0,1,0,2,182,0
2176.92,22,0,1,0,0,8,619,0
1841.92,15,0,0,0,0,5,721,0
2689.0,3,0,0,1,0,17,637,1
560.34,13,1,1,1,1,6,8,0
16593.71,18,0,0,0,0,30,525,0
4851.96,10,1,0,0,0,15,976,0
2197.59,21,1,0,0,0,10,325,0
3044.84,20,1,0,0,0,4,960,0
3566.58,20,1,1,1,3,8,691,1
5516.67,15,0,0,0,1,7,664,0
4360.05,17,1,0,0,0,6,474,0
15118.94,18,0,0,0,0,6,595,0
4132.56,9,1,0,0,0,13,67,0
29099.58,11,0,0,0,0,11,520,0
11449.99,18,0,0,1,5,11,26,1
1413.03,5,0,0,0,1,8,558,0
16016.8,8,0,0,0,0,8,488,0
752.28,2,0,1,0,0,10,735,1
10214.38,17,0,0,0,0,7,733,0
2884.25,15,1,0,0,0,24,351,0
12631.14,12,0,0,0,0,10,83,0
12162.3,15,0,0,0,0,9,175,0
9847.08,11,0,0,0,0,9,148,0
9374.76,23,0,0,0,0,10,45,0
2190.29,1,0,0,0,0,8,982,0
516.29,19,0,0,0,3,9,413,0
3104.83,9,0,0,0,3,4,685,0
1153.51,20,0,0,0,0,13,11,0
7133.7,12,0,0,0,0,3,513,0
2558.8,11,0,0,0,0,5,649,0
22291.54,13,0,1,1,2,9,722,1
6156.13,11,1,0,0,3,14,257,1
10382.05,10,0,1,0,2,3,453,0
863.01,19,0,0,0,1,8,55,0
11893.64,13,0,0,1,0,11,495,0
15374.81,22,0,0,0,0,3,972,0
4015.6,9,0,1,0,0,11,988,0
5602.28,6,0,0,0,0,13,536,0
8694.16,13,0,1,0,0,6,229,0
1163.06,10,1,0,0,1,8,120,0
4199.76,4,0,0,1,1,8,286,1
3061.6,13,1,0,1,0,5,211,0
959.57,4,0,1,0,2,9,167,0
2758.78,14,0,0,0,0,17,40,0
433.64,21,1,0,0,2,16,315,1
166.91,12,1,0,0,2,5,240,0
881.31,15,0,0,0,0,4,309,0
19809.72,17,1,0,0,0,6,85,0
4794.78,15,0,0,0,0,8,279,0
20267.07,20,0,0,0,1,10,754,0
3409.06,14,0,0,0,0,11,771,0
2252.2,11,0,1,0,3,7,201,0
4243.04,13,1,0,0,0,1,142,0
3483.68,6,0,0,0,1,10,543,0
680.05,19,0,1,0,4,7,759,1
6153.7,22,1,0,0,1,5,518,0
1470.37,20,0,0,1,0,10,897,0
5809.0,12,0,0,0,0,8,459,0
6312.38,11,0,0,0,0,11,695,0
999.42,22,0,0,0,0,7,236,0
389.87,8,1,0,0,0,9,469,0
9115.57,5,0,0,0,0,10,630,0
3704.9,6,0,0,0,1,6,274,0
369.54,13,0,1,0,0,16,344,0
31641.59,0,0,0,0,1,5,122,0
367.1,22,0,0,0,0,5,326,0
7135.35,0,1,0,0,0,25,751,1
24701.79,14,0,0,0,0,6,546,0
1650.15,12,0,0,0,0,9,200,0
930.65,23,0,0,0,0,3,657,0
786.45,8,0,0,0,0,5,287,0
2178.19,11,0,0,1,4,9,606,0
649.14,21,0,0,0,0,8,380,0
7079.08,19,1,0,0,0,6,734,0
395.9,22,0,0,0,0,9,258,0
4283.03,21,0,0,0,2,8,669,0
34287.28,10,1,0,1,1,8,656,1
10101.09,13,0,0,0,1,9,837,0
5740.49,7,0,0,0,0,7,198,0
2203.89,18,0,0,0,0,9,82,0
5877.33,13,0,0,0,0,4,77,0
4502.49,6,1,0,0,2,7,931,0
3341.63,12,0,1,0,0,4,442,0
850.47,22,1,1,0,0,7,900,0
13071.23,11,0,0,0,0,2,264,0
3594.67,19,0,0,0,0,10,289,0
1308.67,20,0,0,1,0,12,438,0
2760.91,12,0,0,0,0,12,331,0
3217.94,10,0,0,0,0,7,135,0
10555.47,19,0,0,1,5,4,25,1
7946.86,16,1,1,0,0,6,403,0
8809.95,14,0,0,0,0,18,954,0
76.56,12,0,0,0,0,7,316,0
3238.71,22,0,0,0,2,19,707,0
3949.09,10,0,0,0,0,3,874,0
126.27,23,0,0,0,0,9,420,0
1815.12,7,0,0,0,0,8,193,0
8579.95,11,0,0,0,0,8,103,0
894.81,14,1,0,0,0,8,571,0
4608.31,23,0,0,0,0,20,490,0
1463.97,16,0,0,0,1,3,483,0
83.17,22,0,0,0,1,6,757,0
1666.11,17,0,0,0,2,5,523,0
22356.73,7,0,1,1,0,12,302,1
9712.92,15,0,0,0,0,8,92,0
19260.09,20,0,0,0,3,2,71,0
4024.87,10,1,0,0,1,13,78,0
707.42,19,0,1,0,0,4,341,0
4773.9,14,0,0,0,0,7,262,0
3644.97,11,0,0,0,3,12,484,0
11171.15,20,1,0,0,0,3,993,0
629.39,8,0,1,1,2,3,647,1
4029.41,17,1,0,0,0,4,957,0
985.46,7,1,0,0,0,9,828,1
2365.38,23,0,0,0,0,5,159,0
8031.76,18,1,0,0,0,8,114,0
3887.79,14,0,0,0,0,3,219,0
2838.56,11,0,0,0,2,12,23,0
3019.97,14,0,0,1,1,13,897,0
3700.97,13,0,1,0,1,10,681,1
9233.17,19,0,0,0,0,17,346,0
13368.45,15,0,0,0,0,12,36,0
18661.35,19,0,0,0,0,3,185,0
9286.06,18,1,0,0,3,14,547,1
2283.58,14,0,0,0,0,6,50,0
7001.1,23,0,0,0,0,11,879,0
3463.28,3,1,0,0,5,17,821,1
1773.57,22,0,0,1,0,17,451,0
11038.26,21,0,0,0,2,13,246,0
245.1,10,1,0,0,2,8,724,0
13932.17,0,0,1,1,0,8,948,1
3723.56,17,0,1,1,0,3,170,0
6093.45,18,0,1,0,4,12,149,1
6471.47,7,1,0,0,0,10,158,0
13539.5,16,0,0,0,0,7,765,0
6084.66,10,0,1,0,0,10,575,0
5720.48,12,1,0,0,0,14,38,0
423.86,21,0,0,1,1,9,42,0
4393.95,18,1,0,0,3,9,890,0
986.31,10,1,0,0,3,12,606,1
8033.51,14,1,0,0,3,10,26,1
4317.37,21,1,0,1,0,2,774,0
6850.88,12,0,0,0,1,4,471,0
265.4,6,1,0,0,0,5,903,0
541.62,6,0,0,0,0,4,895,0
7569.52,10,0,0,0,1,4,93,0
458.89,12,0,0,0,0,2,492,0
453.54,19,1,0,0,3,12,404,1
83.09,17,0,0,0,0,9,459,0
18820.16,17,1,0,0,1,14,134,1
8035.22,20,0,0,1,0,10,724,0
2624.79,20,1,0,1,0,14,690,1
2120.43,15,1,0,0,0,17,539,0
2591.96,17,0,0,0,0,4,222,0
8950.7,21,0,0,0,0,7,80,0
6507.09,12,0,0,1,3,13,944,1
1238.84,12,0,0,0,1,23,417,0
1157.76,13,0,0,0,0,5,207,0
631.48,23,0,0,0,0,4,480,0
6488.2,22,0,0,0,0,5,341,0
8683.02,9,0,1,0,0,10,995,0
1857.69,2,0,1,0,0,3,950,0
137.0,19,0,0,0,0,12,104,0
524.47,12,1,0,0,1,10,641,0
20635.93,22,0,1,0,0,23,154,1
2111.13,17,0,1,1,0,4,116,0
8807.82,15,0,0,0,0,5,740,0
5889.6,13,0,0,0,0,9,475,0
2897.01,7,1,0,0,1,21,630,1
1391.67,9,0,0,1,0,15,593,0
786.46,17,0,0,0,0,5,448,0
5737.27,6,1,0,0,0,2,316,0
8950.17,9,0,0,0,2,15,783,0
6205.33,0,0,1,1,1,9,751,1
4543.99,21,0,0,0,0,9,662,0
267.14,7,0,0,0,0,6,794,0
20754.47,8,1,0,0,0,11,649,1
9628.18,15,0,0,0,0,8,33,0
2088.84,13,1,1,0,5,6,572,1
23473.24,7,1,0,1,0,8,699,1
5536.03,18,0,0,0,2,10,523,0
5249.71,20,0,0,1,0,11,915,0
8281.7,6,0,0,0,0,8,508,0
10030.54,19,0,0,1,4,15,661,1
6421.04,22,0,0,0,0,5,170,0
832.45,15,0,0,0,0,4,770,0
2487.36,21,0,0,0,3,6,11,0
15803.51,2,1,0,0,3,8,691,1
1536.38,14,0,1,0,2,13,754,1
2802.89,15,0,0,0,2,6,703,0
3404.62,23,1,1,0,1,7,388,1
3482.54,8,0,0,0,0,4,904,0
5705.05,16,0,1,0,1,5,47,0
17206.21,16,0,0,0,4,7,265,0
1662.09,20,0,0,1,0,6,744,0
787.25,8,0,0,1,0,12,170,0
1329.92,12,0,0,0,0,15,170,0
13088.22,23,0,0,0,1,4,129,0
6237.54,14,1,0,0,0,6,985,0
2030.45,22,0,1,0,1,3,133,0
10165.19,8,0,0,0,0,18,112,0
11865.68,0,0,1,0,0,10,718,1
11254.89,11,0,0,0,0,4,98,0
15084.4,11,0,0,0,0,8,585,0
1754.05,6,1,0,0,0,12,830,0
8450.01,8,0,0,1,0,12,482,0
3713.11,0,0,0,0,0,6,112,0
11080.91,13,0,0,0,0,21,17,0
7832.55,11,0,0,0,0,30,611,0
8998.65,8,0,0,0,0,8,358,0
6415.51,14,0,0,0,4,10,163,0
1181.92,4,0,0,0,1,7,102,0
4735.1,10,0,0,0,2,5,883,0
25077.56,6,0,0,0,0,5,704,0
16634.8,21,0,0,0,0,10,111,0
274.8,8,0,0,0,0,3,986,0
1090.61,7,1,1,0,1,20,626,1
857.51,9,0,0,0,0,4,418,0
7777.32,16,1,0,0,1,5,372,0
10225.42,22,0,0,0,0,9,382,0
1451.06,14,0,1,0,0,18,243,0
4239.53,17,0,0,0,0,10,376,0
11031.91,18,0,0,0,1,30,689,0
7928.58,9,0,1,1,0,4,966,0
4698.42,4,0,0,1,0,8,358,0
5364.68,16,1,0,0,3,16,197,1
4270.06,18,0,0,0,1,7,12,0
2129.07,18,0,0,0,0,7,782,0
5004.76,8,0,0,0,0,5,266,0
7015.56,19,1,0,0,0,5,414,0
12406.68,8,0,0,0,0,4,459,0
6078.41,9,0,1,0,1,12,332,0
8600.8,17,1,0,0,0,8,936,0
1056.63,9,0,0,0,2,6,411,0
3724.45,20,0,0,0,0,6,961,0
66.25,12,0,0,1,0,7,701,0
1709.58,23,1,0,0,4,12,604,1
7787.88,15,1,0,0,0,5,949,0
28839.01,11,1,0,1,2,12,148,1
636.69,15,0,0,0,1,3,664,0
3089.92,7,1,1,0,0,5,27,1
9668.76,15,0,0,0,0,8,202,0
1379.21,7,0,1,0,0,7,347,0
4869.23,7,0,0,0,3,3,418,0
7934.64,21,0,0,0,0,8,362,0
5752.45,0,0,0,0,0,7,407,0
1259.71,12,0,0,0,0,21,16,0
2644.61,9,1,0,0,0,15,178,0
9199.08,17,0,0,1,0,11,536,0
4857.67,18,0,1,0,0,10,320,0
41.46,19,1,0,0,5,5,219,0
8597.52,17,0,0,0,0,9,699,0
225.7,9,0,0,0,0,8,805,0
8226.24,14,0,0,0,1,4,76,0
1367.49,23,0,1,0,1,5,610,1
19041.02,10,0,0,1,0,16,481,1
2762.63,17,0,0,1,0,13,697,0
2385.45,2,1,0,0,0,13,354,1
977.27,23,0,0,0,0,8,236,0
2198.28,23,0,0,0,1,5,779,0
12566.41,19,0,0,1,0,4,637,0
33662.48,16,0,0,1,1,6,225,0
2766.13,16,0,0,0,0,4,540,0
3581.88,21,1,0,0,1,14,971,1
7692.34,5,0,0,0,0,11,743,0
13049.65,14,0,0,0,3,13,95,1
5404.31,16,1,0,1,0,6,222,0
2990.8,11,0,1,0,1,10,918,1
3202.52,22,0,0,0,0,4,136,0
7146.83,10,0,1,0,0,6,495,0
29.34,17,0,1,1,2,5,186,1
5809.02,15,1,0,0,0,5,259,0
2645.62,13,0,0,0,0,8,147,0
9495.02,7,0,0,0,1,11,854,0
595.62,13,0,0,1,1,4,742,0
5333.34,19,1,0,0,0,13,707,0
3944.79,16,1,0,1,0,16,790,1
6178.79,8,0,0,1,0,12,269,0
412.31,21,0,0,0,2,7,625,0
5214.77,8,0,1,0,0,13,673,0
4956.16,13,0,0,0,1,10,655,0
4944.89,22,1,1,0,0,6,197,0
5560.29,8,1,0,0,0,10,628,0
6780.74,6,1,0,0,0,8,267,0
9818.2,7,0,0,0,1,15,802,0
1896.79,13,1,1,0,0,6,350,0
10469.51,22,1,0,0,0,8,189,0
4147.99,23,0,0,0,0,3,579,0
491.14,16,0,1,0,0,10,304,0
372.01,12,1,0,0,0,9,507,0
2450.94,11,0,0,1,0,2,769,0
9229.83,11,1,1,0,1,16,861,1
7389.46,23,0,1,0,0,11,918,1
9334.44,0,0,0,0,0,6,890,0
4379.77,19,1,0,0,4,2,94,1
3491.04,23,0,1,0,0,12,53,1
967.16,10,1,1,0,3,11,170,1
2396.7,8,0,0,1,0,2,32,0
3425.17,21,0,0,0,0,8,998,0
566.64,19,0,0,0,0,7,118,0
1505.48,9,0,0,0,0,9,930,0
5481.18,20,0,0,1,0,5,907,0
7993.19,15,1,0,0,0,10,238,0
38442.84,11,0,0,1,1,4,648,0
16238.53,13,0,0,0,0,9,463,0
6182.81,15,0,0,0,0,11,142,0
3291.29,16,0,0,1,0,8,38,0
6076.53,14,1,0,0,1,1,366,0
9250.92,2,0,1,0,0,8,190,0
765.67,14,0,1,0,0,2,754,0
3174.83,7,0,0,0,1,4,881,0
10998.08,0,0,1,1,4,6,413,1
2915.42,9,0,0,1,0,8,969,0
5100.0,17,0,0,0,3,13,276,1
5327.03,6,0,1,0,0,3,301,0
1233.55,17,1,0,0,3,12,381,1
2708.72,9,1,0,0,0,9,618,0
2453.4,19,1,0,0,2,4,576,0
169.28,14,1,0,0,1,4,143,0
156.94,18,1,0,1,0,9,587,0
10701.94,13,0,1,0,0,7,120,0
1923.56,16,0,0,0,0,8,226,0
4389.85,6,0,1,0,0,6,31,0
2139.14,2,1,1,0,0,10,861,1
16958.78,19,0,0,1,3,6,25,1
1810.93,19,0,0,0,0,7,504,0
3379.1,11,0,0,0,0,2,715,0
12378.68,11,0,0,0,0,5,514,0
11078.44,14,0,0,1,0,8,553,0
1245.52,10,0,1,0,0,8,840,0
9746.46,17,0,0,0,0,6,130,0
3687.0,14,0,0,0,2,12,614,1
3967.91,9,0,0,0,1,4,181,0
869.62,5,0,0,1,1,14,450,1
514.21,13,0,0,0,1,11,712,0
7820.38,20,0,1,0,0,1,223,0
4126.57,23,0,1,0,1,4,545,1
3455.26,17,0,0,1,0,8,472,0
7855.08,23,0,0,0,0,6,118,1
8712.13,19,1,0,1,0,4,793,0
1048.33,6,0,0,0,0,6,998,0
5663.12,15,0,0,1,0,9,385,0
882.61,11,1,0,1,0,10,90,1
8360.86,19,0,0,0,0,10,366,0
6429.36,7,0,0,0,0,8,405,0
18835.8,11,0,0,0,1,4,727,0
438.71,10,1,0,0,0,2,868,0
362.48,17,1,0,0,3,4,308,0
1999.28,17,0,0,0,0,5,60,0
1830.48,13,0,0,0,1,10,560,0
1711.97,11,0,0,0,1,11,835,0
14213.03,23,0,1,0,3,5,888,1
1732.46,17,0,0,1,0,12,517,0
1914.31,11,0,0,1,0,2,349,0
8557.67,6,0,1,0,0,5,27,0
3594.18,15,0,0,0,0,16,540,0
9005.72,11,0,0,0,0,9,910,0
415.6,10,0,0,0,2,4,364,0
4021.56,18,0,0,0,0,6,774,0
215.15,19,0,0,0,0,10,14,0
398.21,17,1,0,0,0,8,275,0
14224.75,20,0,0,0,0,7,385,0
909.67,22,0,0,0,3,11,248,0
4571.12,19,0,1,0,2,17,318,1
3186.95,23,0,0,0,0,9,29,0
2570.22,17,0,0,0,0,10,168,0
13815.52,1,1,0,0,2,4,247,0
142.39,11,0,0,0,0,6,263,0
6550.11,9,0,0,0,0,15,84,0
19855.33,14,0,0,1,3,6,684,1
4938.18,1,1,0,0,0,6,251,0
16580.84,10,1,0,0,0,6,330,0
332.04,11,0,0,0,0,5,870,0
3265.89,22,0,0,0,3,8,582,0
1817.91,10,0,0,0,0,22,909,0
7884.27,6,0,1,1,0,13,589,1
23884.46,13,0,0,0,1,8,712,0
1788.56,15,1,0,1,2,6,351,1
6380.93,15,0,0,1,0,15,913,0
1334.61,4,0,0,0,0,10,624,0
5009.01,2,0,0,0,0,10,790,0
3750.97,18,0,0,0,0,7,594,0
21464.45,8,0,1,0,0,6,645,0
5637.04,22,0,0,1,1,7,777,0
2590.14,21,0,1,0,0,12,465,0
736.88,6,0,0,0,0,2,326,0
993.92,23,0,0,0,0,6,633,0
1541.81,16,1,0,0,0,8,949,0
1743.83,19,0,0,0,1,8,69,0
11417.41,18,0,0,1,1,9,415,0
4952.58,12,0,0,0,1,6,875,0
4456.35,9,0,0,1,0,4,686,0
741.44,21,1,1,0,1,6,131,1
11812.67,17,1,0,0,0,17,274,0
7708.41,16,0,0,0,0,7,439,0
430.4,22,0,0,0,0,10,879,0
7392.62,1,0,0,0,0,8,19,0
4715.5,19,1,0,1,0,8,190,0
521.55,5,0,1,0,0,3,270,0
3688.26,21,0,0,0,0,5,765,0
3987.99,21,0,0,0,0,11,339,0
1097.51,20,1,0,0,1,3,658,0
17489.18,12,0,0,0,0,9,445,0
11391.73,14,0,0,0,2,14,580,0
6644.23,22,0,0,1,0,4,808,0
3732.68,17,1,0,0,0,9,628,0
3193.78,7,0,0,0,0,2,356,0
6325.64,18,1,0,0,0,7,250,0
4740.44,6,0,0,0,2,13,506,0
395.78,8,0,0,0,0,3,957,0
4320.82,20,1,0,1,0,2,556,0
9861.88,10,1,1,1,0,11,166,1
3698.68,10,0,0,0,0,8,297,0
330.13,6,0,1,0,0,6,131,0
9268.48,16,0,0,0,0,8,487,0
1359.1,1,0,0,1,0,13,526,1
1805.46,20,0,0,1,1,3,276,0
1089.83,10,0,0,0,1,10,591,0
2414.79,9,0,0,0,0,6,28,0
8492.03,22,0,0,1,0,9,76,0
4406.14,11,0,0,0,1,8,951,0
1385.58,4,0,1,1,1,12,292,1
12624.05,9,0,0,0,0,5,742,0
12710.71,16,0,0,0,0,5,381,0
12278.08,17,0,0,0,0,10,579,0
1647.12,7,0,0,0,0,16,932,0
3610.56,6,0,1,1,0,11,837,1
25204.09,18,0,0,0,0,9,807,0
8880.79,23,0,1,0,1,11,398,1
175.26,11,1,1,0,0,9,892,0
414.57,8,0,0,0,0,14,894,0
3750.96,5,0,0,0,0,3,145,0
14405.91,12,0,0,0,1,6,8,0
4652.26,11,1,0,0,0,30,870,0
4142.69,20,0,0,0,0,10,269,0
678.77,18,1,0,1,0,8,456,0
6426.3,19,0,0,0,0,12,824,0
10369.31,21,1,0,0,0,6,41,0
2882.28,12,0,0,1,0,4,948,0
8976.27,14,0,0,0,0,10,435,0
20035.39,13,1,0,0,0,8,333,0
1377.18,20,0,1,0,0,11,273,0
4455.58,6,0,0,0,0,20,766,0
2040.8,21,0,0,0,0,7,409,0
9456.0,8,0,0,1,0,13,75,0
5180.72,8,1,0,0,2,15,573,0
6050.29,22,0,1,1,1,9,240,1
9604.38,15,1,0,0,4,8,34,1
3034.79,4,1,1,0,0,17,505,1
14806.99,16,0,0,0,0,3,941,1
4578.93,21,0,1,0,0,8,874,0
1041.53,2,1,0,1,0,9,29,1
7152.37,17,0,1,0,0,4,780,0
9467.8,22,1,1,1,0,3,40,1
2295.47,14,0,0,0,0,9,553,0
11686.99,9,0,1,0,0,9,450,0
14205.91,12,1,0,1,3,20,123,1
1955.28,5,0,0,0,0,6,967,0
24644.18,23,0,0,0,0,7,439,0
919.9,5,0,1,0,0,10,307,1
1364.0,0,1,0,1,1,8,844,0
1231.7,7,0,0,0,1,6,208,0
13475.31,12,0,0,1,0,11,671,0
6382.97,16,0,1,1,0,5,468,0
999.99,6,0,0,0,1,8,463,0
3492.38,15,0,0,0,0,15,910,0
5741.72,19,0,0,0,4,20,314,0
532.92,5,0,0,0,0,13,905,0
12853.63,12,1,0,0,0,5,593,0
9775.72,6,0,0,0,2,3,766,0
4231.69,13,0,0,0,0,15,979,1
20500.55,9,1,1,0,0,3,471,1
3255.25,18,0,0,1,0,3,364,0
24862.51,20,1,0,1,1,7,942,1
6624.28,15,0,0,0,0,10,287,0
6051.75,2,0,0,0,0,10,891,0
1098.81,14,0,0,0,0,5,802,0
12828.75,15,0,0,0,1,16,171,0
3356.35,22,0,1,1,0,2,787,0
1072.09,9,0,0,0,0,7,36,0
86.13,7,0,0,0,0,1,348,1
4932.55,6,0,0,0,1,5,257,0
4507.03,20,0,0,0,1,9,448,0
7633.96,18,0,0,0,0,6,345,0
13267.74,11,0,1,0,1,8,271,0
506.42,17,0,0,0,0,7,238,0
7899.35,9,0,0,0,0,14,873,0
1255.19,15,0,0,0,2,7,979,0
11729.06,18,0,0,0,0,4,619,0
10267.66,7,0,0,1,0,8,469,0
4679.54,3,0,0,0,3,11,674,1
7442.27,7,1,0,0,0,3,824,0
2274.33,13,0,0,1,0,3,37,0
3832.51,21,0,0,1,2,4,210,0
10353.6,13,1,0,0,0,16,950,0
3698.96,14,0,1,0,0,7,688,0
2667.12,7,0,1,1,0,16,748,1
4099.83,23,0,0,0,0,5,390,0
10580.27,19,0,0,1,1,1,907,0
2459.69,5,0,0,0,0,6,485,0
1155.23,8,0,1,1,0,8,54,0
7479.06,20,0,0,0,1,14,24,0
10501.45,10,0,0,0,0,4,763,0
646.41,23,0,0,0,0,5,261,0
1655.63,17,0,0,1,1,9,113,0
928.71,2,0,0,0,1,7,242,0
2575.73,5,0,0,0,0,3,457,0
3600.85,6,0,0,0,0,16,670,0
8299.66,8,0,0,1,0,4,843,0
6328.64,20,1,0,0,0,12,232,0
5830.18,7,0,1,0,0,9,716,0
2616.66,1,0,0,0,1,4,532,0
11060.02,3,0,0,1,0,13,577,1
3833.86,8,0,0,0,4,8,957,0
23219.45,21,0,1,0,1,11,32,1
6043.06,9,1,0,0,0,4,400,0
819.87,8,0,1,0,0,6,241,0
6775.36,23,1,0,0,1,6,508,0
2369.18,11,0,0,0,1,9,41,0
6966.43,15,1,0,0,4,3,458,0
443.11,12,0,0,0,0,5,9,0
1163.37,14,0,0,0,0,4,597,0
11626.71,11,1,0,0,3,1,163,0
1556.25,5,0,0,1,0,4,481,0
10895.54,19,1,0,0,1,9,638,0
1974.99,21,0,0,0,0,23,565,0
6188.13,6,0,0,0,1,7,946,0
7117.97,18,0,0,0,0,8,701,0
4322.69,12,0,0,0,1,7,998,0
2195.74,12,0,0,1,0,5,732,0
1444.45,23,0,0,0,3,8,876,0
212.52,2,0,0,0,0,6,411,0
2183.97,1,0,0,0,0,11,659,0
6363.4,6,0,1,0,0,10,557,0
16723.3,12,0,0,0,2,8,375,0
12307.18,16,0,0,1,0,11,346,0
8726.27,22,0,0,0,0,8,10,0
9329.69,10,0,0,0,0,17,409,0
6571.48,21,1,0,1,0,4,188,0
1818.96,17,0,0,0,0,7,897,0
14273.53,19,0,0,0,0,11,691,0
6675.31,1,0,0,0,1,9,348,0
4941.89,12,1,0,1,0,5,222,0
715.88,20,0,0,0,0,9,580,0
3564.99,10,0,0,1,1,20,182,0
3711.1,16,0,0,0,2,12,931,0
12005.52,21,0,0,0,1,11,68,0
4756.52,17,1,0,0,0,5,619,0
2882.09,18,1,0,0,0,15,250,0
22591.7,1,1,0,0,0,13,325,1
714.06,20,0,0,0,0,8,559,0
3304.78,21,0,0,0,0,13,68,0
267.6,11,1,0,0,2,6,765,0
8090.23,21,0,0,1,0,11,851,0
15021.82,14,0,0,1,0,6,668,0
1981.34,4,0,0,0,0,7,343,0
11736.02,8,0,0,1,0,8,248,0
2083.72,11,0,0,0,0,9,322,0
14509.24,15,1,0,0,0,7,732,0
8423.61,11,0,0,0,0,13,11,0
9815.67,19,0,0,1,0,10,111,0
119.02,23,0,0,0,2,3,862,0
19760.35,6,0,0,0,1,22,598,0
7792.47,8,0,1,0,1,8,125,0
2190.91,15,0,0,0,0,5,465,0
10620.41,20,0,0,0,2,1,280,0
1993.71,13,1,0,0,0,3,230,0
12379.79,12,0,0,0,2,13,356,0
726.62,17,1,0,1,0,8,982,0
7308.01,6,0,0,0,0,12,461,0
4678.29,23,0,1,0,0,14,90,1
619.1,9,0,0,0,0,8,361,0
1671.59,23,0,0,0,0,9,437,0
84.89,2,0,0,0,3,13,485,1
3805.34,16,0,0,0,0,13,83,0
2160.9,20,0,0,0,0,19,729,0
5483.16,3,0,0,0,0,2,83,0
2126.42,6,0,1,0,0,14,629,0
2149.36,22,0,0,0,1,3,223,0
8166.59,14,0,0,1,0,9,913,0
306.04,18,0,0,0,1,8,90,0
14001.77,22,0,0,0,0,4,487,0
11483.97,3,0,0,0,3,7,632,0
6622.19,18,0,0,0,0,7,684,0
5406.92,19,0,0,0,3,2,240,0
13380.57,20,0,0,0,0,15,941,0
1239.83,19,1,0,1,1,7,8,1
503.57,7,0,0,0,0,12,510,0
1652.76,4,1,1,0,0,9,64,1
9506.14,13,0,0,0,0,8,908,0
221.71,1,1,0,0,0,4,832,0
5255.24,8,0,0,0,0,13,369,0
32349.33,18,1,0,0,0,8,250,0
11625.0,19,0,0,0,0,6,538,0
4431.91,19,0,0,0,1,10,528,0
404.54,11,0,0,0,5,6,624,0
10690.41,17,0,0,0,0,14,60,0
5492.44,23,1,0,0,0,4,554,0
742.55,16,0,0,0,0,7,545,0
601.35,17,1,0,0,1,5,951,0
14432.85,17,0,0,0,3,3,913,0
6647.45,12,0,1,0,4,8,325,0
10616.62,6,0,0,0,3,6,900,0
12680.74,21,1,1,0,2,5,707,1
5098.6,10,0,0,0,5,10,65,0
4381.98,10,0,1,0,0,9,456,0
3387.21,23,0,0,0,3,7,275,0
2297.09,14,0,0,0,1,5,154,0
3431.29,2,1,0,0,0,2,548,0
8930.13,20,0,0,0,0,5,494,0
5536.67,14,0,0,0,0,10,308,0
13392.89,11,0,0,0,1,14,129,0
3525.24,19,1,0,1,0,12,849,1
5615.04,9,0,0,1,0,6,100,0
5996.75,21,0,0,0,1,7,806,0
5384.48,3,0,0,0,0,14,891,0
7286.74,10,0,0,0,1,8,860,0
1636.39,23,0,0,0,1,5,768,0
4319.11,0,0,0,0,4,9,398,0
670.39,6,1,1,0,0,10,685,1
2922.03,12,1,0,0,2,13,150,1
4022.68,17,0,0,0,0,4,292,0
6347.18,20,0,0,0,0,4,246,0
18048.46,14,0,0,1,0,9,779,0
5517.52,16,0,0,0,0,5,722,0
8175.96,14,0,0,0,5,15,763,0
4244.55,19,0,0,0,0,12,112,0
6042.44,0,0,0,0,3,7,388,0
451.44,11,0,0,0,0,4,180,0
1771.33,18,1,0,1,0,7,298,0
2705.12,17,0,0,0,0,19,352,0
3847.56,13,0,1,1,0,9,335,0
290.34,3,0,0,0,4,8,479,0
915.11,22,0,1,0,1,2,734,0
1954.54,20,0,0,0,0,9,270,0
21363.99,23,0,0,0,1,4,14,1
2424.94,9,1,0,0,0,2,559,0
3957.16,20,1,0,0,0,16,597,0
1319.67,18,0,0,1,0,3,337,0
5671.66,20,0,0,0,0,10,627,0
1986.72,1,1,0,0,4,16,451,1
1401.54,9,0,0,0,0,2,276,0
4371.13,3,0,0,0,0,17,995,0
43.13,11,0,0,0,0,9,30,0
56.16,18,0,0,0,0,11,566,0
1493.61,22,1,0,0,0,9,162,0
234.48,19,0,0,0,0,14,997,0
695.91,11,0,1,1,1,16,902,1
2492.74,9,0,0,0,0,2,124,0
9744.7,20,0,1,0,0,8,96,0
5102.47,14,1,0,0,0,9,201,0
4322.85,23,0,0,0,0,16,490,0
2094.5,21,0,0,1,2,7,353,0
16117.79,9,1,0,0,0,8,963,0
3045.18,19,0,0,0,0,17,859,0
556.73,19,0,0,0,0,6,119,0
5769.36,12,0,0,0,4,20,608,0
735.14,7,0,0,0,2,12,56,0
2550.76,13,0,1,0,0,5,485,0
4258.49,21,0,1,0,0,3,905,0
12449.45,6,0,0,0,0,8,506,0
4091.94,11,1,0,0,1,12,512,0
7279.18,3,0,0,0,0,11,344,0
29626.09,22,0,0,0,0,11,449,0
855.85,15,0,0,0,0,7,81,0
1937.28,6,1,0,0,0,12,872,0
3020.96,22,0,0,0,0,14,366,0
3297.31,19,1,0,0,0,2,208,0
3186.19,12,0,0,0,0,2,969,0
14300.48,18,1,0,0,0,3,921,0
7521.27,9,0,0,0,0,10,272,0
5627.51,9,0,1,1,0,4,48,0
2230.93,18,0,0,0,0,4,912,0
10426.49,6,1,0,0,3,6,795,0
18624.63,9,0,0,0,0,3,774,0
10338.87,23,0,0,1,0,19,615,1
19.4,1,0,0,0,2,7,133,0
6080.23,16,1,0,1,0,5,804,0
324.93,16,1,0,0,0,3,430,0
1797.26,14,0,0,1,0,6,472,1
378.22,12,0,0,1,0,7,619,0
5564.95,10,0,0,0,0,11,295,0
6971.46,18,1,0,0,0,5,806,0
739.53,10,1,0,0,2,9,298,0
2915.48,10,0,0,1,1,5,728,0
3665.45,13,0,0,1,0,7,338,0
2773.2,7,1,0,0,1,11,69,1
783.99,6,1,0,0,0,3,964,0
3267.49,16,0,0,1,1,10,291,0
8356.11,6,0,1,0,0,8,790,0
451.93,19,0,0,1,1,11,453,0
511.46,20,0,0,1,0,23,611,0
2638.9,13,0,0,1,0,8,110,0
17065.57,10,0,0,0,0,15,813,0
6636.08,22,0,0,0,1,2,646,0
6821.72,7,0,0,0,0,11,973,0
2705.75,11,0,0,1,0,6,580,0
5413.4,6,0,1,0,0,6,503,0
71.1,13,1,1,0,0,1,353,0
6075.19,9,0,0,0,1,12,869,0
14680.91,7,0,0,0,4,6,173,0
5699.37,22,0,0,1,1,10,226,1
12424.5,20,1,0,0,2,23,73,0
7733.54,22,1,0,0,0,4,874,0
780.81,7,0,0,0,0,11,207,0
13974.54,8,1,0,1,0,11,305,1
422.52,19,0,0,0,4,4,692,0
4591.0,10,1,0,0,1,5,852,0
929.87,12,0,0,0,0,2,178,0
80.65,15,0,0,0,0,14,186,0
3299.44,15,0,0,0,0,28,911,0
2107.69,13,0,0,0,0,12,513,0
4003.2,17,0,1,0,1,5,970,0
5175.13,22,1,0,0,0,8,458,0
278.35,9,1,0,0,2,3,325,0
797.51,23,0,0,1,3,14,571,1
4917.4,7,0,0,0,2,12,170,0
2531.96,15,0,0,0,3,8,209,0
7847.66,20,0,1,0,0,10,141,0
6348.35,11,0,0,1,4,16,622,1
11219.42,6,0,0,0,0,26,836,0
7085.54,0,0,0,1,2,10,372,1
3381.99,3,0,0,0,0,11,788,0
6716.16,12,0,0,0,0,8,805,0
1942.66,15,0,0,0,0,6,79,0
2204.41,20,0,1,0,0,11,50,0
9344.96,21,0,0,0,3,16,675,0
3558.09,1,1,0,0,1,6,23,1
9618.23,3,0,0,0,0,12,351,0
10380.08,5,0,0,0,0,12,79,0
11703.1,11,0,0,1,1,10,143,0
14917.18,14,0,0,0,0,8,28,0
3393.09,7,0,0,0,1,12,362,0
2313.98,8,0,0,0,0,6,988,0
5246.5,20,0,0,0,0,6,268,0
2793.39,19,1,0,0,4,18,876,1
5523.88,13,0,0,0,0,9,729,0
7346.61,9,0,0,0,0,10,126,0
7006.31,23,0,0,0,2,11,288,1
2825.73,12,1,0,0,2,2,357,0
1105.32,21,0,0,0,5,9,773,0
3388.29,20,0,1,0,0,4,569,0
933.06,10,0,0,0,0,5,287,0
13258.94,8,0,1,1,0,14,927,1
2556.76,6,1,0,0,0,10,744,1
1016.68,10,0,0,0,1,15,796,0
164.66,17,0,0,0,0,2,845,0
6237.74,9,1,0,0,0,9,989,0
6088.5,18,0,0,0,3,12,296,0
2508.59,18,0,0,0,3,20,309,0
456.48,7,0,0,1,0,4,796,0
3172.02,6,0,1,0,0,6,548,0
2246.98,21,1,1,0,2,11,333,1
6792.86,6,0,0,0,0,20,115,0
5595.07,0,0,0,1,1,9,378,0
2730.94,7,1,0,0,2,11,618,0
1484.58,2,0,0,0,0,2,420,0
26565.1,6,0,0,0,0,6,627,0
3640.84,6,0,0,0,0,9,118,0
7003.79,12,1,0,1,1,3,467,1
918.8,7,1,0,1,0,9,563,0
3998.4,21,0,0,0,1,10,465,0
177.54,6,0,1,0,2,11,553,1
4234.7,15,1,0,1,0,8,309,0
19958.32,10,0,0,0,4,13,240,1
2919.06,7,1,0,0,0,11,315,0
248.66,21,0,0,0,2,14,362,0
198.67,6,0,0,0,0,13,959,0
2956.01,14,0,0,1,0,4,78,0
1056.3,20,0,0,0,0,8,591,0
151.77,21,0,1,0,0,4,433,1
8478.78,6,1,0,0,0,10,188,0
3690.73,17,0,0,0,2,4,671,0
2058.56,21,1,0,0,0,9,980,0
13830.5,21,0,1,0,4,7,3,1
750.73,10,1,0,0,0,10,295,0
18740.34,7,1,0,0,0,4,422,0
2270.97,16,0,1,0,0,9,168,0
13167.2,19,0,1,0,5,11,926,1
5552.05,0,0,0,0,0,17,968,0
10526.64,7,0,0,1,0,13,24,1
24825.94,19,0,0,0,3,9,917,0
2051.48,7,1,0,1,0,4,320,0
19496.04,8,1,0,0,1,13,947,1
2970.68,20,0,0,1,0,9,28,0
2931.79,9,0,0,0,0,7,692,0
2506.61,1,0,0,0,0,11,893,0
4687.56,18,0,1,0,3,7,599,1
1014.44,23,0,0,0,3,5,392,0
4850.74,9,1,0,0,0,5,585,0
4691.45,15,0,1,0,0,11,677,0
8620.43,8,0,0,0,0,11,826,0
10771.97,19,1,0,0,0,6,718,0
3493.64,6,0,0,0,0,5,820,0
2170.08,23,1,0,0,0,12,746,1
1811.24,18,0,0,0,0,7,916,0
1308.67,6,0,0,0,0,5,991,0
366.26,10,1,0,1,1,21,524,1
2525.39,9,0,0,0,2,4,467,0
1900.3,8,1,0,1,0,3,484,0
20372.48,12,1,0,0,1,13,600,1
4904.72,15,0,0,1,0,7,904,0
2569.61,13,0,0,0,0,7,598,0
5221.69,16,0,1,0,1,9,284,0
909.34,10,1,0,1,1,8,232,1
3532.39,15,0,0,0,0,10,220,0
5914.76,8,0,0,0,0,5,404,0
4037.11,13,0,0,1,3,3,675,0
3092.77,16,0,0,0,0,4,407,0
30556.25,22,1,0,0,0,6,27,0
12747.34,19,1,0,0,1,10,710,0
5869.52,6,1,0,0,0,6,882,0
5065.14,5,0,0,1,0,7,978,0
5825.94,11,1,0,0,3,9,574,0
1358.71,8,0,0,0,0,10,698,0
3026.53,20,0,0,0,0,16,485,0
251.55,17,0,1,0,0,7,800,0
3882.39,7,1,0,1,0,10,227,1
4708.75,0,1,1,0,0,3,174,1
1560.68,16,1,0,0,0,8,275,0
19960.23,7,1,0,0,0,7,89,0
14421.42,22,1,0,1,0,2,777,0
7693.9,12,0,0,0,0,7,128,0
4583.53,2,1,0,0,0,8,961,0
12249.9,8,0,0,0,0,6,646,0
850.07,21,0,0,0,0,6,594,0
9388.47,0,0,0,0,0,11,508,0
809.96,14,0,0,0,0,3,165,0
9495.41,17,0,0,1,1,13,208,0
1945.86,21,0,0,1,1,18,971,1
12587.85,13,0,0,0,0,10,594,0
17308.93,13,1,0,0,0,5,557,0
976.62,15,1,1,0,0,1,251,0
3736.92,17,0,0,0,0,2,278,0
23785.91,20,0,0,0,0,5,77,0
3973.0,14,0,0,0,0,7,555,0
11960.67,11,0,0,1,0,6,685,0
5341.05,15,0,0,0,4,21,841,0
2833.19,21,1,0,0,1,8,567,0
2029.42,12,0,0,0,2,8,993,0
1373.08,21,0,0,0,0,7,198,0
8617.82,13,0,0,0,0,13,989,0
2941.85,7,0,0,1,0,11,607,0
4305.74,10,0,0,1,3,12,34,1
4077.49,17,0,0,0,0,12,364,0
5176.26,7,1,1,0,0,5,366,0
12050.59,10,0,0,1,0,6,571,0
23708.14,15,0,0,0,1,12,466,0
3151.28,14,0,0,0,0,10,254,0
10554.81,17,0,0,0,0,5,748,0
8686.97,11,0,0,0,5,8,211,0
5123.26,3,0,0,0,0,5,184,0
18757.83,4,0,0,0,0,6,55,0
1352.42,18,0,0,0,0,5,80,0
704.24,22,0,0,0,1,9,212,0
11553.33,9,0,0,0,0,8,206,0
3479.81,12,0,0,0,0,15,691,0
11272.68,15,0,0,0,1,10,881,0
13424.62,23,0,0,0,0,15,298,0
396.96,9,0,0,0,3,4,708,0
12907.37,1,0,0,0,0,3,656,0
3578.71,9,0,1,0,0,4,152,0
4295.4,13,0,0,0,0,9,801,0
5920.51,19,0,0,0,1,11,802,0
15663.24,23,0,0,0,1,3,205,0
125.81,21,1,0,0,0,1,42,0
3897.25,19,0,1,0,0,4,594,0
6993.17,23,1,0,0,3,4,345,1
7706.08,12,1,0,0,0,4,96,0
7086.31,4,1,0,0,0,10,289,1
876.24,23,1,0,0,4,8,486,1
2144.87,8,0,0,0,1,2,988,0
2675.69,18,0,0,1,0,8,292,0
9801.24,22,0,0,1,3,1,237,0
1970.7,22,0,0,0,0,3,361,0
1429.69,14,1,0,0,0,12,912,0
18952.17,20,0,0,1,1,7,678,0
63.42,23,0,1,0,0,13,889,0
36782.94,11,0,0,0,3,15,642,1
6787.3,11,0,1,0,2,6,130,0
10587.96,8,0,0,1,0,14,310,0
2104.11,15,0,0,0,2,3,525,0
96.51,7,0,0,1,0,4,10,0
8043.48,10,0,0,0,0,5,498,0
10789.83,15,1,0,1,3,16,68,1
8103.44,16,1,0,1,2,2,413,0
934.86,12,0,0,1,0,5,500,0
8410.61,10,1,0,0,0,11,782,0
8800.02,8,0,0,1,0,9,677,0
6457.16,20,0,1,1,0,5,607,0
8727.58,17,0,0,0,0,3,940,0
11231.76,23,0,0,0,0,3,924,0
5715.36,19,0,0,0,0,7,615,0
566.67,9,0,0,0,2,7,349,0
4022.22,18,0,0,0,0,1,586,0
494.98,20,0,0,0,0,12,795,0
3150.86,17,0,0,0,3,15,191,1
3146.44,23,0,0,0,0,6,1,0
419.74,15,0,0,0,1,9,629,0
2583.82,6,1,0,0,0,6,231,0
715.94,13,0,0,1,0,10,515,0
9918.91,10,0,0,0,0,12,12,0
17713.18,23,0,0,1,0,3,702,1
460.39,22,0,0,0,0,18,26,0
18631.94,17,0,0,0,0,6,604,0
4446.11,5,0,0,0,0,11,765,0
2146.33,11,0,1,0,0,14,403,0
489.86,13,1,0,0,0,1,504,0
4176.38,9,0,1,0,4,8,948,0
9504.31,18,0,1,0,2,7,610,0
7377.27,12,1,0,1,2,8,662,1
319.19,19,1,0,0,1,7,933,0
464.17,18,0,0,0,0,3,799,0
3103.76,22,0,0,1,0,4,999,0
2109.82,19,1,1,1,1,3,797,1
1596.8,7,0,0,1,0,6,284,0
1989.4,23,0,1,1,0,5,549,1
9772.03,22,0,0,0,0,11,565,0
15899.76,20,0,0,1,0,9,444,0
3126.2,21,1,0,1,0,4,707,0
14203.85,6,0,0,0,4,4,248,0
2337.19,12,0,0,0,1,13,343,0
3892.59,7,1,0,0,0,7,729,0
1547.33,9,1,1,0,0,12,762,1
6147.85,18,0,0,0,0,8,494,0
23184.0,5,0,1,0,0,12,470,1
5560.37,17,0,1,0,2,15,933,1
2667.26,19,0,0,0,0,8,549,0
6271.63,3,1,0,0,1,17,175,1
796.95,20,0,0,0,0,5,653,0
13180.95,11,0,0,0,0,4,939,0
4206.01,13,0,0,0,1,7,470,0
3589.93,22,0,0,0,1,3,945,0
5299.38,20,0,1,0,1,5,876,0
5891.52,22,0,0,0,4,9,343,0
456.89,4,1,0,0,1,7,546,0
6895.88,8,0,0,0,1,4,339,0
1671.89,23,1,0,0,2,8,405,1
7519.59,8,0,0,0,0,14,494,0
10383.88,19,0,0,0,0,8,968,0
9786.57,9,0,0,0,0,7,318,0
4834.49,10,0,0,1,0,11,446,0
4415.94,1,0,1,0,2,2,969,1
935.04,22,0,0,1,0,5,25,0
8969.17,13,1,0,0,0,6,305,1
1909.86,15,1,0,0,2,6,780,0
4129.36,14,0,0,1,0,7,530,0
2016.75,9,0,1,0,0,8,37,0
872.03,19,1,0,1,0,2,27,0
5968.35,2,0,0,0,1,4,531,0
345.18,14,1,1,1,0,4,38,1
8295.34,17,1,0,0,3,9,691,1
2302.72,7,0,0,1,0,11,179,0
10.81,13,0,0,0,2,4,445,0
4303.94,14,0,0,0,0,10,250,0
297.91,13,0,0,1,0,3,581,0
1949.19,5,0,0,0,0,3,287,0
7375.01,18,1,0,0,0,14,239,0
398.44,14,0,0,1,0,3,779,0
10980.73,21,0,1,0,0,4,458,0
32.96,22,0,0,0,0,23,908,0
1710.74,21,0,0,0,2,4,199,0
8113.34,14,0,1,0,0,12,615,0
2291.15,21,0,0,0,4,19,760,1
654.79,23,0,0,0,2,19,944,1
2689.92,10,0,0,0,0,16,482,0
1901.5,19,0,1,0,0,5,924,0
11108.06,21,0,1,0,0,13,16,1
2265.57,15,0,0,0,1,11,533,0
9343.46,8,0,1,0,2,1,796,0
13356.65,17,1,0,0,0,3,556,0
3423.03,20,1,1,0,0,15,210,1
14453.88,23,0,0,0,0,1,614,0
2852.32,1,0,0,0,2,2,229,0
19968.5,11,0,0,1,1,4,26,1
571.18,20,1,0,0,2,7,689,0
6979.68,9,1,0,1,1,11,684,1
4095.11,21,0,0,0,0,4,232,0
2952.7,17,0,0,0,4,2,416,0
6019.65,21,0,0,0,3,4,423,0
7311.48,18,0,0,1,0,7,170,0
36.24,11,0,0,0,0,4,189,0
1105.99,19,0,0,0,0,2,842,0
7500.6,13,0,1,0,1,2,769,0
6596.61,19,0,0,0,0,6,540,0
20306.76,23,0,0,0,0,10,49,1
8598.7,21,0,1,0,0,8,64,0
18077.84,21,0,0,0,0,13,257,0
7284.86,2,0,0,1,0,4,548,0
2133.38,12,0,0,0,0,10,23,0
678.04,6,0,0,1,2,16,696,1
9144.72,20,0,0,1,0,7,910,0
6209.46,12,0,0,1,1,5,745,0
306.31,18,0,0,1,1,6,584,0
2688.2,18,0,0,1,0,1,932,0
18861.46,14,0,0,0,0,9,188,0
4173.7,12,0,0,0,0,3,704,0
3411.51,16,0,0,0,0,5,623,0
3681.61,16,0,0,0,3,15,51,0
1415.85,4,0,1,0,1,15,7,1
2769.91,23,0,0,0,0,13,758,0
2780.43,16,0,1,0,3,8,826,1
332.65,9,1,0,1,2,5,586,0
8764.94,8,0,0,0,3,9,477,0
3242.31,17,0,0,0,0,15,657,0
10371.9,21,0,0,0,1,1,917,0
11406.66,19,1,1,0,0,15,502,1
1439.5,2,0,0,1,1,5,332,1
6436.34,10,0,0,0,0,5,436,0
3845.16,11,0,0,0,1,5,378,0
12739.42,15,0,0,0,0,5,987,0
1468.09,21,1,0,0,2,9,1,0
6805.74,16,0,1,0,1,3,397,0
5625.17,20,1,0,0,0,12,948,0
2109.91,17,0,1,0,0,10,380,0
891.27,23,0,0,0,1,5,315,0
6337.11,17,0,0,1,0,4,948,0
8060.16,8,0,0,0,0,8,639,0
2285.52,14,0,0,0,1,5,605,0
6221.0,5,0,0,0,2,2,946,0
3026.46,10,0,0,0,0,14,314,0
7503.97,15,1,0,1,0,7,680,0
1342.98,8,0,0,0,1,9,969,0
13265.39,15,0,0,1,2,4,302,0
2043.09,18,0,0,0,0,10,773,0
2761.16,17,0,0,1,0,2,356,0
369.09,13,0,0,0,0,6,868,0
719.41,20,0,0,0,3,5,357,0
4362.31,13,1,0,0,0,7,78,0
1878.51,12,0,0,0,0,6,152,0
10838.35,14,0,0,0,0,10,722,0
98.81,18,0,0,0,0,11,820,0
2869.45,18,1,0,1,1,9,180,1
2479.01,22,0,0,0,0,8,589,0
127.1,23,0,0,0,0,10,929,1
806.86,16,1,0,1,0,3,181,0
3212.96,11,1,0,0,0,6,652,0
4083.86,15,0,0,1,1,4,789,0
3118.01,8,1,0,0,0,4,232,0
4552.12,9,0,0,0,2,11,287,0
5435.16,19,0,0,0,0,20,544,0
69.84,12,0,0,1,0,3,495,0
3752.79,9,1,0,1,0,10,53,1
19872.53,16,0,0,1,3,5,233,1
4401.73,22,0,0,0,0,6,98,0
6800.7,9,1,0,1,1,10,781,1
2252.61,21,0,0,0,0,8,797,0
8933.09,8,0,0,0,0,12,734,0
8904.76,23,0,1,1,0,6,862,1
4430.04,12,0,0,0,3,17,649,0
22391.67,10,0,1,0,0,13,198,1
814.96,11,1,0,0,1,9,47,0
112.56,19,0,0,0,4,17,759,1
8832.18,9,0,0,0,0,7,644,0
9885.23,8,0,0,0,0,15,107,0
778.41,22,0,0,1,0,10,591,0
1862.07,20,0,0,0,0,23,331,0
116.25,9,0,0,0,0,17,631,0
2092.97,18,0,0,0,0,7,543,0
8910.58,10,1,0,1,1,9,62,1
4388.38,10,0,0,0,1,17,796,1
2577.14,16,0,0,0,3,11,294,0
2798.8,17,1,0,0,0,6,816,0
18.13,10,1,0,0,0,3,36,0
2148.34,1,0,0,0,0,7,308,0
6248.53,19,1,0,0,0,10,586,0
21952.99,19,0,0,0,0,9,606,0
11276.29,7,0,0,1,0,5,362,0
153.27,18,0,0,0,2,10,143,0
13739.76,22,0,0,1,3,16,257,1
9182.64,2,1,0,0,0,5,972,0
9105.03,22,0,0,0,1,10,693,0
3684.89,9,0,0,0,1,5,756,0
3055.04,10,0,1,1,0,4,862,0
2175.09,9,0,0,0,0,10,116,0
417.71,8,0,0,1,5,3,581,0
1564.45,19,0,0,0,1,15,857,0
1708.98,21,0,0,0,4,8,316,0
3980.79,22,1,0,0,0,5,536,0
8266.74,23,0,0,0,0,12,983,0
3862.56,15,0,0,0,0,16,159,0
367.51,8,0,0,0,4,5,813,0
19000.56,20,0,0,0,0,6,411,0
17169.27,22,1,0,0,0,6,531,0
9238.0,5,1,0,0,0,15,229,1
28495.87,3,0,0,0,0,2,12,0
4727.92,7,0,0,0,0,8,343,0
19753.58,17,0,0,0,0,5,818,0
481.7,12,0,0,0,0,4,594,0
2741.22,12,0,0,1,0,5,908,0
1542.31,19,1,0,0,0,13,21,1
1317.69,23,1,0,1,0,6,825,0
920.54,23,0,0,0,0,9,122,0
5853.74,20,1,0,0,0,3,19,0
9130.93,10,1,1,0,1,2,17,1
5190.74,13,1,0,0,0,15,955,0
963.71,14,1,0,0,0,12,935,0
10009.98,6,0,0,0,0,8,892,0
6072.86,10,0,0,0,0,15,73,0
2957.76,3,1,0,0,0,17,566,1
6737.55,16,1,0,0,0,24,190,0
1815.86,18,1,0,0,1,11,646,1
2550.48,23,0,0,0,1,14,916,0
14978.71,21,0,1,1,0,8,904,0
2069.21,9,0,0,0,0,10,658,0
3819.14,15,0,0,0,1,3,636,0
13261.35,23,0,0,1,0,2,598,0
7390.29,10,0,0,0,0,22,826,0
395.33,6,0,0,0,1,14,695,0
966.11,11,0,0,0,0,8,466,0
57.23,6,0,0,0,1,14,277,0
5990.48,16,0,0,0,0,7,276,0
3571.69,12,0,0,0,0,10,193,0
875.13,14,0,0,0,2,5,158,0
19021.11,8,1,0,0,0,5,150,0
4535.79,13,0,0,0,0,22,777,0
1671.59,15,0,0,0,0,14,309,0
4176.13,11,1,0,1,0,8,605,0
6839.49,12,0,0,1,0,21,850,0
485.81,11,0,0,0,0,5,232,0
1937.05,17,0,0,1,4,1,732,0
9879.32,11,1,0,0,2,7,841,0
3703.39,2,0,1,0,0,21,262,1
4755.58,18,1,0,0,2,4,896,0
3412.43,13,1,0,0,0,7,726,0
279.36,20,0,0,0,0,10,294,0
1097.33,23,0,0,0,0,2,322,0
3548.58,11,0,0,0,1,9,485,0
1418.15,21,0,0,0,0,8,135,0
317.63,18,0,1,0,0,2,96,0
11143.94,17,1,0,1,1,14,32,1
23851.01,12,0,0,1,0,4,984,0
9464.36,9,0,0,0,0,4,943,0
11546.06,11,1,0,0,0,5,584,0
1672.25,8,0,0,0,0,8,415,0
19418.05,12,0,1,1,0,3,757,1
1325.85,18,0,1,0,0,9,677,0
18158.47,5,0,1,1,0,3,310,1
31586.88,2,0,0,0,0,4,404,0
7473.0,23,1,0,1,0,8,968,1
23835.46,14,0,0,0,4,12,768,1
5067.4,9,0,0,0,0,8,455,0
1812.92,18,0,0,0,1,17,797,0
3456.81,10,0,0,1,1,6,930,0
5411.93,23,0,0,1,0,11,534,1
465.34,14,0,0,0,0,15,454,0
5852.62,15,1,0,0,0,6,76,0
23846.32,14,0,1,1,1,3,372,1
1275.12,17,1,0,1,0,7,54,0
9448.49,20,0,0,0,0,14,682,0
14319.2,12,1,0,0,0,2,686,0
17272.53,19,0,0,0,0,5,249,0
19343.63,19,0,0,1,0,9,284,0
4432.09,22,0,1,0,2,1,602,0
22724.43,13,1,1,0,0,5,252,1
8505.83,4,1,1,0,0,11,457,1
1068.07,2,0,0,0,1,4,561,0
3897.9,7,0,0,0,1,16,411,0
7612.14,10,0,0,0,0,15,167,0
1714.85,18,1,0,0,0,6,604,0
6150.17,6,1,0,0,0,6,628,0
6600.48,20,1,0,1,0,8,736,0
1075.44,10,1,0,0,0,12,738,0
5005.63,10,1,0,0,0,8,568,0
8870.65,18,0,0,0,0,7,224,0
4155.65,21,1,0,1,3,7,970,1
83.06,2,0,1,0,0,6,803,0
64.48,10,1,0,0,0,10,914,0
2659.94,11,0,1,1,4,5,761,1
15647.9,14,0,0,0,1,4,421,0
1567.89,22,0,0,0,0,17,892,0
6046.7,14,0,0,0,0,6,152,0
1516.76,20,0,0,1,4,23,280,1
2338.73,14,0,0,0,0,9,542,0
11314.91,7,0,0,1,1,13,155,0
7840.75,6,0,1,0,2,16,670,1
611.57,6,0,0,0,0,7,900,0
3369.07,0,0,0,0,1,10,795,0
187.62,15,1,0,0,5,13,109,1
3943.84,6,1,0,0,0,6,451,0
6525.97,23,0,0,0,0,7,134,0
766.8,1,1,0,0,2,8,519,1
2055.53,16,0,0,1,0,3,375,0
3053.36,18,0,0,1,1,13,341,0
15129.3,11,0,0,0,0,12,455,0
30003.74,21,0,0,0,0,4,258,0
285.71,19,0,0,0,0,11,457,0
8597.95,10,1,0,0,0,3,195,0
2798.65,8,0,0,0,0,7,752,0
3000.01,23,0,0,0,0,10,143,0
8431.01,1,1,0,0,0,10,945,1
15047.5,20,0,0,0,0,5,35,0
18096.87,16,0,0,0,2,6,213,0
5174.04,19,0,0,1,1,9,785,0
2660.79,11,0,0,0,0,13,838,0
9304.27,20,0,0,0,0,6,143,0
1744.11,18,0,0,0,0,12,524,0
4991.7,20,0,0,0,0,5,673,0
2674.41,6,0,0,0,0,5,893,0
6423.7,18,0,0,1,1,5,906,0
1659.77,22,0,0,0,0,8,710,0
1286.14,4,0,0,1,1,11,682,1
15033.74,18,1,0,0,1,13,673,1
654.2,15,0,0,0,0,11,888,0
4240.81,9,0,0,0,0,9,13,0
1507.33,3,0,0,0,0,5,382,0
248.25,20,0,0,1,0,2,706,0
230.1,17,0,0,0,0,9,530,0
1165.84,6,0,0,0,0,3,626,0
12104.09,7,1,0,0,0,15,721,0
2001.72,22,0,0,0,0,7,354,0
18039.75,23,0,0,0,0,11,776,1
5238.22,23,0,0,0,0,6,312,0
3452.74,22,1,0,0,0,5,477,0
5216.27,14,0,0,0,0,4,902,0
4372.69,17,0,0,0,0,8,719,0
8542.18,16,0,0,0,1,4,607,0
2001.86,11,0,0,1,1,11,429,1
2622.92,8,0,0,0,0,4,30,0
13481.24,16,1,1,0,0,12,980,1
17573.57,6,0,0,0,2,4,666,0
13394.84,10,0,0,0,0,12,660,0
3272.66,23,1,1,0,0,3,440,1
9104.74,13,0,0,0,1,12,24,0
3891.43,14,0,0,1,0,5,60,0
4139.43,8,0,0,0,0,13,808,0
1384.07,16,0,0,0,5,4,432,0
5376.15,23,0,0,0,0,8,528,0
1245.77,6,0,1,0,3,7,570,1
2426.89,16,1,0,0,0,18,68,0
11597.38,10,1,0,1,0,11,866,1
1402.17,22,0,0,1,0,7,67,0
452.9,9,0,1,0,1,4,637,0
439.02,19,0,1,0,0,16,195,0
16969.43,16,0,0,0,0,9,831,0
4252.51,1,0,1,0,1,5,294,0
3169.82,8,1,0,0,0,4,881,0
10002.2,22,0,1,0,0,13,321,0
10850.97,7,1,0,0,0,5,268,0
2432.52,22,0,0,0,1,8,211,0
7107.54,6,0,0,0,2,5,739,0
8857.42,22,0,0,0,0,10,242,0
6389.19,9,0,0,0,0,4,197,0
996.38,16,1,0,0,0,2,43,0
12529.19,21,1,0,0,0,3,819,0
4657.37,13,0,1,0,0,7,423,1
2001.66,19,0,0,0,1,19,458,0
3332.69,18,0,0,0,4,2,138,0
239.77,11,0,0,1,1,19,229,1
830.88,10,0,1,0,0,4,292,0
8712.99,18,0,0,0,0,14,370,0
10.07,12,0,1,1,0,3,889,0
3242.94,17,0,1,0,0,3,227,0
4445.27,11,1,0,0,0,10,345,0
347.1,15,0,0,0,0,9,689,0
21698.91,21,0,0,0,1,2,763,0
1548.07,19,0,1,0,0,8,947,0
2186.15,20,0,0,0,3,6,954,0
2183.94,9,0,0,0,0,12,639,0
1581.44,1,0,0,0,0,4,735,0
18.85,20,1,0,0,0,12,379,0
7851.46,23,1,0,0,0,7,356,0
20449.46,12,1,0,0,5,11,211,1
1533.89,20,0,0,0,0,4,886,0
6536.87,13,0,0,0,3,10,775,1
8136.36,7,0,1,1,0,7,393,0
11330.06,3,0,0,0,0,10,473,0
3305.62,4,0,1,0,0,9,151,0
2175.22,9,0,0,0,2,5,973,0
2370.88,11,0,0,0,0,11,506,0
7491.73,12,0,0,0,4,4,887,0
10192.39,12,1,1,0,0,13,831,1
1212.53,2,0,1,0,0,5,554,0
2791.18,9,1,0,0,0,13,523,0
13943.07,2,0,0,0,0,4,355,0
9870.87,12,0,0,0,0,7,984,0
25151.86,12,0,0,0,1,5,418,0
8430.6,19,0,1,0,0,9,557,0
3007.29,13,0,0,0,0,7,719,0
5368.93,13,0,1,0,0,8,267,0
6500.78,10,0,0,0,0,7,820,0
500.23,15,0,0,0,0,17,595,0
4728.12,21,0,0,1,0,17,828,0
7423.21,1,0,0,0,1,16,816,0
1108.64,15,0,0,0,0,14,796,0
9112.02,11,1,0,0,1,8,697,0
5269.14,21,0,0,0,0,11,422,0
18257.11,14,0,0,0,0,5,398,0
270.09,7,1,0,1,0,4,199,0
1859.97,9,1,0,0,1,5,758,0
5531.1,13,0,0,1,1,10,672,0
2120.64,18,0,0,0,0,8,696,0
7529.49,14,0,0,1,0,14,769,0
8547.88,14,0,0,0,1,2,61,0
658.96,6,0,0,0,2,12,470,0
4337.48,7,0,0,1,1,7,225,0
4276.53,17,1,1,0,0,3,816,0
2775.37,4,0,0,1,0,3,140,0
16221.65,16,1,0,0,1,8,797,0
10554.37,4,1,0,1,0,7,801,1
7178.28,18,0,0,0,0,11,801,0
7527.44,15,0,0,0,0,5,278,0
3726.22,14,0,0,0,0,3,124,0
15239.43,13,1,0,0,4,12,70,1
7126.71,10,0,0,0,3,8,607,0
7843.4,13,0,0,0,0,5,493,0
11879.59,13,0,0,0,0,5,761,0
1931.82,20,1,0,0,1,5,724,0
9882.6,14,1,0,0,0,9,592,0
1313.27,21,0,1,0,0,5,929,0
2551.85,19,0,0,0,0,7,139,0
2463.32,18,0,0,1,0,10,930,0
23055.33,9,0,1,0,0,8,229,0
11660.08,9,1,0,0,0,10,439,0
7257.28,15,0,0,1,0,9,229,0
7800.95,14,1,1,0,2,6,92,0
4964.22,11,0,1,0,3,15,191,1
17645.05,5,0,0,0,1,8,6,1
4124.16,17,0,0,0,0,4,812,0
2883.23,2,0,0,0,0,6,385,0
1077.84,6,0,0,0,1,9,37,0
9266.44,3,0,0,0,3,11,982,0
7965.58,5,0,0,0,0,7,481,0
2920.51,11,0,1,0,0,3,402,0
163.1,7,0,0,0,0,9,102,0
10968.01,12,0,0,0,0,5,93,0
78.9,17,0,0,1,0,12,487,0
7308.29,4,0,0,0,3,2,386,1
21100.99,22,0,0,0,0,6,705,0
3463.91,9,0,0,1,0,14,838,0
1617.07,14,0,0,0,3,2,752,0
7332.06,13,1,1,1,0,8,511,1
10203.82,15,1,0,1,2,13,667,1
4753.64,22,0,0,0,0,7,874,0
20483.9,18,0,0,0,3,15,271,1
328.31,1,0,0,0,0,12,846,0
4226.71,16,0,0,1,4,8,992,0
7614.76,12,0,0,0,0,2,395,0
11920.92,13,0,0,0,0,7,5,0
1195.26,4,0,0,0,0,9,339,0
9666.73,9,0,1,0,0,3,475,0
4837.25,8,1,0,1,0,4,110,0
3040.59,20,0,0,1,4,14,377,1
857.41,15,1,0,0,0,7,577,0
12038.04,21,0,0,0,1,14,111,0
1036.67,10,0,0,1,0,9,41,0
2234.54,11,0,0,0,1,4,353,0
2065.33,22,0,0,0,0,4,607,0
12316.95,21,0,0,0,4,5,925,0
6711.32,12,0,0,1,0,11,615,0
9567.89,17,0,0,0,0,3,512,0
1739.84,16,0,1,0,0,4,961,0
5892.96,6,0,1,0,1,3,765,0
5098.23,13,0,0,0,1,4,749,0
10742.48,12,1,0,1,1,13,374,1
14202.32,3,0,0,0,0,9,640,0
83.39,8,1,0,0,0,5,795,0
6735.51,23,0,1,0,3,11,701,1
329.37,15,1,0,1,0,9,41,0
4785.85,19,0,0,0,0,4,967,0
2044.97,17,0,0,0,1,3,60,0
2208.42,16,0,0,1,0,11,64,0
2622.07,15,1,0,1,1,5,491,0
5835.95,1,0,0,0,0,4,479,0
2449.24,19,0,0,0,4,3,669,0
7926.28,14,1,0,0,2,5,875,0
3120.4,20,0,0,0,1,5,358,0
434.81,6,0,0,0,0,1,501,0
9198.19,6,0,0,0,0,18,109,0
2029.2,6,0,0,0,2,8,195,0
3411.91,1,0,0,1,0,7,299,0
6949.56,12,0,1,0,1,10,514,1
2434.9,8,1,0,0,0,19,946,0
359.5,13,0,0,0,0,15,521,0
2819.67,6,0,0,0,0,13,701,0
17352.68,17,0,0,0,0,2,231,0
6168.88,20,1,1,1,1,3,990,1
6688.93,22,0,0,0,1,7,462,0
6012.64,13,1,0,0,0,7,560,0
1341.31,6,0,1,0,0,21,212,0
3261.15,14,0,0,0,2,8,526,0
8350.36,16,0,0,0,1,17,375,0
651.32,13,0,0,0,0,12,86,0
1963.16,13,0,0,1,0,1,283,0
1950.43,10,0,0,1,2,13,207,1
3404.0,10,0,0,0,0,6,282,0
23593.79,0,1,0,0,2,9,271,1
429.33,21,1,1,0,1,6,351,1
4397.6,19,1,0,1,1,13,907,1
1196.06,15,1,0,0,4,7,398,1
21186.21,19,0,0,0,1,9,772,0
731.52,21,0,0,0,0,5,739,0
3111.07,10,1,0,0,0,12,955,0
8043.83,18,0,0,0,0,2,864,0
7325.62,19,0,0,0,0,5,804,0
3306.66,15,0,0,0,0,12,306,0
2562.7,12,0,0,0,0,2,32,0
3051.12,2,0,0,0,0,12,635,0
1851.4,16,0,0,0,0,5,334,0
1388.99,8,0,0,0,2,4,610,0
3968.74,14,1,0,0,1,19,756,1
1886.23,14,1,0,0,3,15,955,1
2043.53,15,1,0,0,0,12,963,0
6425.88,16,0,0,0,0,8,293,0
20763.72,18,1,1,0,0,3,945,1
5562.55,23,1,0,0,0,7,791,0
490.62,15,0,0,0,0,8,420,0
481.56,21,1,0,0,0,9,342,0
18157.66,21,0,0,1,0,10,946,1
2126.87,20,1,1,0,1,5,756,0
589.51,11,0,0,1,1,10,501,0
5493.43,17,0,1,1,0,8,886,0
5873.39,22,0,0,0,0,15,620,0
6283.36,19,0,0,1,0,7,513,0
1876.95,1,0,0,0,0,6,254,0
101.36,14,1,0,0,3,11,127,1
20127.08,6,1,0,0,2,13,228,1
1743.24,13,1,1,0,0,7,306,0
6772.56,20,0,0,0,0,12,782,0
7367.92,18,1,0,0,0,7,570,0
5659.77,19,0,0,0,0,6,209,0
2261.72,8,1,0,0,3,3,253,1
1907.28,12,0,0,0,1,8,766,0
5472.87,13,0,0,0,0,10,655,0
12073.78,22,1,0,1,0,16,315,1
17604.71,6,1,0,0,1,13,603,1
681.66,18,0,0,0,0,7,256,0
1019.3,4,1,0,0,0,9,121,0
17383.83,14,0,0,0,0,1,239,0
8013.01,8,0,1,0,0,12,721,0
12883.17,10,0,0,1,1,3,642,0
1368.64,19,0,0,0,0,4,601,0
5324.36,7,0,0,0,0,8,328,0
7256.67,23,0,0,1,0,10,959,1
6848.7,18,0,0,1,0,3,266,0
3157.03,17,0,1,0,1,13,156,1
103.09,7,0,0,0,0,11,122,0
5256.95,8,0,1,0,1,3,698,0
1760.96,10,0,0,0,0,5,932,0
3599.8,17,0,0,0,0,7,370,0
18970.96,6,0,0,0,1,23,488,0
3065.31,9,0,0,0,1,7,931,0
10998.05,12,0,0,0,0,5,250,0
1263.53,12,0,0,0,0,12,80,0
6706.88,22,1,0,1,0,7,721,0
22645.38,10,0,0,0,2,18,114,0
654.8,11,0,0,0,0,2,52,1
60.13,4,0,0,0,0,13,577,1
3420.55,21,0,0,1,0,9,598,0
593.2,22,1,1,1,0,5,196,1
8289.12,14,0,1,0,1,4,188,0
14768.85,12,0,0,0,0,4,539,0
3425.19,15,0,0,1,0,9,102,0
1806.19,16,0,0,1,0,17,661,0
3429.24,13,0,0,0,0,21,75,0
7722.13,11,1,0,0,0,15,543,0
64.57,13,1,0,0,0,27,452,0
5351.6,12,0,0,0,0,5,343,0
5710.51,12,1,0,1,1,8,44,1
6101.5,19,0,0,0,1,9,871,0
1672.61,13,1,0,0,0,7,996,0
7521.69,7,1,0,0,0,11,500,0
585.05,6,0,0,0,0,9,500,0
1343.39,11,0,0,0,0,4,536,0
12606.4,22,0,0,0,2,7,267,0
8063.05,20,0,0,0,4,14,37,1
93.05,10,0,0,1,0,8,396,0
1723.12,7,1,0,0,0,2,190,0
1457.89,8,1,0,0,1,6,565,0
1904.9,5,1,0,0,0,3,489,0
1716.6,22,1,0,0,0,8,10,0
397.4,6,1,0,0,0,4,438,0
3695.36,16,0,1,1,0,7,612,0
7927.05,23,0,0,0,0,14,926,0
5609.58,23,0,0,0,0,8,143,0
6714.42,13,0,1,0,0,8,583,0
517.79,18,0,1,0,1,12,544,1
18166.0,9,0,0,0,1,3,40,0
10949.2,22,1,0,0,5,12,879,1
9821.31,6,1,0,0,0,8,455,0
10399.08,14,0,0,0,0,16,646,0
16202.51,18,1,0,0,0,4,812,0
4724.92,3,0,0,0,1,8,606,0
1350.98,14,1,0,0,0,18,236,0
5764.93,9,0,0,0,0,2,702,1
8159.31,20,0,0,0,0,5,463,0
8044.57,21,1,1,0,4,6,610,1
4431.96,13,0,0,0,2,9,688,0
435.49,15,0,0,0,0,7,485,0
2792.82,11,0,0,1,2,5,326,0
15222.14,7,0,0,0,0,12,539,0
5278.9,12,1,0,0,0,4,124,0
4647.45,16,0,0,0,1,4,306,0
1888.85,21,1,0,1,0,6,937,0
2767.46,16,0,0,0,0,5,938,0
13552.58,15,0,0,0,2,4,580,0
6598.01,20,0,0,1,0,15,143,0
9299.69,16,1,1,0,4,13,720,1
3644.61,3,0,0,0,0,7,719,0
5979.52,19,0,0,0,0,4,85,0
1723.18,6,0,0,0,0,15,949,0
7344.06,6,0,0,0,2,6,599,0
3357.52,9,1,0,0,0,6,537,0
3516.25,21,0,0,1,0,7,956,0
6297.33,1,0,0,0,0,7,9,0
16529.6,1,0,0,1,1,7,822,1
406.88,15,0,0,0,0,8,544,0
10459.02,21,0,1,0,0,4,505,0
2085.11,18,0,0,1,0,7,628,0
3531.05,13,0,0,0,0,6,575,0
142.94,17,0,0,0,0,5,365,0
2159.02,11,0,0,0,0,14,325,0
4200.54,7,1,0,0,2,6,933,0
356.89,13,1,1,1,0,8,349,1
4062.97,0,0,0,0,0,18,789,0
15722.87,14,0,0,0,0,9,64,0
678.23,13,0,0,0,3,7,257,0
8684.76,18,1,1,0,0,5,711,0
3172.45,23,0,0,0,1,5,70,0
6398.29,18,1,0,0,2,11,339,0
1818.55,7,0,0,0,0,11,764,0
1052.49,17,0,0,0,0,8,296,0
1059.43,15,0,0,0,1,16,526,0
448.6,10,0,0,0,1,3,518,0
1242.17,23,0,0,0,1,8,187,0
6557.78,3,1,0,0,2,8,521,1
12816.71,15,1,0,1,0,12,992,1
10106.11,6,1,0,0,1,11,247,1
6943.65,6,0,0,0,0,11,712,0
712.12,18,0,0,0,0,2,508,0
2058.08,17,0,0,0,0,15,105,0
2234.7,8,0,0,0,0,11,470,0
1735.75,15,1,0,0,0,10,200,0
4351.71,17,0,0,0,0,14,364,0
4611.46,6,0,0,0,0,4,446,0
2658.6,14,1,0,1,2,6,290,0
2629.78,22,1,0,0,0,10,625,0
10590.98,1,0,0,1,1,10,393,1
9353.72,15,0,0,0,0,4,970,0
2217.25,0,1,0,1,0,9,790,1
14715.71,23,0,0,0,0,8,639,0
18332.08,17,1,0,0,0,6,589,0
2383.76,19,0,0,0,0,5,426,0
2635.68,6,0,0,1,2,10,499,1
4236.88,18,0,1,0,0,8,483,0
17003.61,16,1,1,0,0,22,712,1
12550.32,13,1,0,0,0,18,973,0
659.31,0,1,1,0,0,10,739,1
3002.7,6,0,0,0,0,8,349,0
4846.16,23,1,1,0,1,3,766,1
4206.59,12,0,0,0,0,4,202,0
1303.01,17,0,1,0,0,11,926,0
11756.18,1,0,0,1,0,7,635,0
6789.52,14,1,0,0,0,9,454,0
10927.56,22,1,0,0,0,5,285,0
11753.95,15,0,0,0,0,10,294,0
8288.44,4,0,0,0,1,7,5,0
3480.46,21,1,1,0,0,12,263,1
5668.07,16,0,0,0,1,3,907,0
1058.73,22,1,0,1,0,12,724,1
6728.62,10,0,0,0,1,6,27,0
1195.24,11,0,0,0,3,6,575,0
7114.03,10,0,1,1,0,11,79,1
1575.06,21,0,1,0,0,5,349,0
760.33,19,0,0,0,0,12,268,0
1093.99,3,0,0,0,0,18,443,0
21.96,21,0,0,0,0,7,826,0
7620.85,8,0,0,0,1,8,294,0
7919.6,14,1,0,0,0,11,801,0
4350.81,19,0,0,0,0,5,931,0
1065.86,1,0,0,0,1,2,183,0
533.52,17,1,0,0,1,7,767,0
125.89,8,0,0,0,0,13,59,0
1097.32,8,0,0,0,1,20,889,0
13300.5,7,0,0,0,3,5,44,0
1668.77,19,1,0,1,0,4,816,0
2634.26,21,1,1,0,0,4,865,0
677.91,15,0,0,0,1,7,911,0
1518.96,12,1,0,1,1,18,740,1
4404.13,7,0,0,0,0,11,365,0
5625.18,15,0,1,1,0,6,183,0
1699.03,4,1,0,0,1,12,863,1
366.79,8,0,0,1,3,7,236,0
2985.95,16,1,0,0,1,3,42,0
1611.03,20,0,0,1,4,13,409,1
1497.34,7,0,0,1,0,15,376,0
19302.71,11,1,0,0,3,11,770,1
5757.37,16,0,1,0,1,16,594,1
4893.47,9,1,0,0,2,19,41,0
3234.82,8,1,0,0,0,1,940,0
3371.61,20,1,1,0,1,6,306,1
4680.99,22,0,0,0,0,13,602,0
7162.85,14,0,0,1,0,3,462,0
7276.91,18,1,0,0,0,8,839,0
1140.24,17,1,1,0,0,8,556,0
4170.24,7,0,0,0,0,12,90,0
3195.74,4,1,0,0,4,1,699,1
12275.7,13,0,0,0,1,5,569,0
5998.57,10,1,1,0,2,5,40,0
4572.19,23,0,1,0,5,10,60,1
745.68,4,0,0,1,0,3,507,0
5592.91,8,0,0,0,0,2,143,0
757.97,0,0,0,0,0,3,843,0
2477.75,1,1,0,0,0,3,606,0
934.8,12,0,0,0,0,12,60,0
7077.37,23,1,0,0,0,10,117,1
1395.94,6,0,0,0,0,5,66,0
2994.09,20,0,0,0,0,5,118,0
13571.45,9,0,0,0,0,11,935,0
1381.32,18,0,0,0,0,4,730,0
4263.28,10,0,0,0,2,12,559,0
3270.83,19,0,0,0,0,10,397,0
119.74,14,0,0,0,0,1,96,0
9453.21,7,0,0,0,0,5,365,0
439.27,14,0,0,0,1,15,615,0
3867.63,21,1,1,0,0,8,789,0
4945.14,16,0,0,0,0,9,490,0
5950.05,16,0,1,0,0,10,270,0
7010.67,19,0,0,0,3,12,591,1
1762.33,5,0,0,0,2,6,761,0
70.17,14,0,0,0,0,12,662,0
7722.04,6,0,0,0,1,5,362,0
4612.79,17,1,0,0,0,9,969,0
10861.64,6,1,0,0,0,6,840,0
10345.25,5,0,1,0,0,6,74,0
11131.53,23,1,0,0,0,8,912,0
3992.63,10,0,0,1,1,6,969,0
2445.45,15,0,0,0,3,9,94,0
9418.57,19,0,0,0,0,10,769,0
3611.16,19,0,0,1,0,10,971,0
1225.95,17,0,0,0,0,9,418,0
11595.05,20,0,0,0,0,3,968,0
12860.96,13,1,0,0,3,12,902,1
3777.64,2,0,0,0,2,7,417,0
482.31,19,0,0,1,0,12,459,0
2954.43,1,0,0,1,0,17,906,1
9773.71,14,1,1,0,1,3,497,1
13932.91,17,0,0,0,0,5,91,0
1374.96,20,0,0,0,4,7,637,0
425.93,7,0,0,0,0,5,465,0
12600.55,17,0,0,0,0,17,179,0
2969.93,13,0,0,0,0,16,409,0
4692.19,14,0,0,0,0,3,710,0
20674.47,7,0,0,1,0,6,722,0
423.3,21,0,0,0,1,7,632,0
6280.17,22,0,0,0,1,11,811,0
471.97,10,0,0,0,0,7,682,0
2834.53,20,0,0,1,0,17,515,0
9782.17,10,0,0,1,2,11,209,1
3419.38,18,0,0,0,1,7,111,0
35241.12,15,1,0,0,0,7,704,0
4923.07,12,0,0,1,1,4,42,0
2334.24,13,0,1,1,4,3,438,1
1501.62,6,0,0,0,0,5,143,0
2599.5,6,1,1,0,0,10,16,1
2806.39,11,1,0,0,0,3,948,0
437.13,8,0,0,0,0,13,614,0
2778.16,18,0,0,1,1,8,831,0
3754.4,23,0,0,0,0,7,556,0
7706.75,18,0,0,0,3,15,104,0
6425.42,23,1,0,0,0,3,430,0
7411.76,9,0,0,0,0,14,996,0
60.39,12,0,0,0,1,8,916,0
1482.85,14,0,0,0,0,8,827,0
6512.65,11,0,0,0,0,7,118,0
3979.77,15,1,1,0,0,10,322,1
41.97,12,0,0,0,0,12,515,0
9803.0,2,1,0,1,4,8,242,1
8901.8,12,0,1,0,0,14,158,0
4780.01,17,0,0,0,1,11,940,0
422.65,3,0,0,0,0,8,317,0
8737.83,18,0,1,0,1,7,969,0
5268.29,22,0,0,0,0,16,852,0
9148.46,18,0,0,0,0,7,716,0
8369.84,13,0,0,1,4,22,397,1
9757.37,21,0,0,0,0,11,195,0
4388.97,22,0,0,0,1,7,667,0
917.2,10,0,0,0,0,3,530,0
6683.06,21,0,0,0,0,7,878,0
5822.99,11,1,0,0,2,7,817,0
8144.67,10,0,0,1,1,5,418,0
1127.12,9,0,0,0,0,8,436,0
1311.29,14,0,0,0,2,3,843,0
13276.03,17,1,0,0,0,10,460,0
8327.23,15,0,0,0,0,8,84,0
14340.72,12,1,1,1,0,3,71,1
8540.67,23,0,0,0,0,7,942,0
5465.22,11,0,0,0,0,17,510,0
6380.2,3,0,0,1,0,7,80,0
13206.27,18,0,0,0,4,18,979,0
5197.98,22,0,0,0,0,7,974,0
6014.42,21,1,1,1,0,12,55,1
1031.01,23,0,0,0,0,15,540,0
3863.83,0,1,1,0,0,10,548,1
7571.08,10,0,0,0,0,17,169,0
1906.02,22,0,1,0,0,4,447,0
1365.79,7,0,0,0,0,15,135,0
2269.75,21,0,1,0,0,10,946,0
1668.48,16,1,0,0,1,14,489,1
1461.76,23,0,1,0,4,10,63,1
3328.76,19,1,0,0,0,3,317,0
14315.28,20,0,0,0,0,4,969,0
4254.2,12,0,0,0,0,4,34,0
1258.94,15,1,0,0,1,10,472,1
490.57,21,0,0,0,1,11,247,0
7157.45,8,1,1,0,0,6,465,0
2905.36,8,0,0,0,0,20,957,0
10360.13,8,1,0,1,1,3,287,0
6474.23,8,0,0,1,0,5,383,0
9554.92,10,0,0,0,0,6,399,0
1914.28,18,0,0,0,0,5,284,0
7082.93,4,0,1,0,0,8,172,0
1849.66,5,0,0,0,1,10,655,1
16798.03,10,0,0,1,2,11,721,1
6079.78,9,0,0,0,1,17,24,0
2363.92,21,0,0,0,0,5,845,0
1894.25,5,0,0,0,1,2,42,0
1281.19,0,0,0,0,0,6,959,0
7127.6,12,0,0,0,0,4,149,0
1490.9,11,0,0,0,2,8,665,0
5437.7,17,0,0,0,0,8,275,0
1854.33,12,0,0,0,0,12,112,0
6517.71,0,0,1,0,5,4,259,1
10132.44,6,1,0,0,4,7,430,1
9041.15,13,0,0,0,0,16,920,0
8594.02,13,0,0,0,0,8,21,0
1257.48,4,0,0,0,0,8,257,0
565.22,17,0,0,0,3,10,121,0
7212.85,8,1,0,0,0,6,178,0
2766.49,15,1,0,1,5,9,415,1
3407.46,16,0,0,0,0,11,519,0
199.87,23,0,0,0,0,8,672,0
1813.2,3,0,0,0,0,14,43,0
215.54,23,0,0,0,0,7,760,0
12691.01,12,1,0,0,3,14,100,1
1683.5,20,0,0,0,0,9,707,0
4899.68,19,0,0,0,0,8,188,0
248.56,8,0,1,1,0,2,193,0
6604.93,7,0,0,0,1,4,524,0
2350.75,13,0,0,1,0,5,778,0
13701.94,18,1,1,1,2,19,375,1
13151.87,18,0,0,1,0,16,967,0
2370.84,10,1,0,1,0,15,281,1
13883.44,23,0,0,0,0,2,475,0
33380.06,18,0,0,0,0,10,347,0
10482.08,5,0,1,0,0,5,61,0
11191.0,12,0,0,0,5,2,838,0
1728.17,21,1,1,1,0,9,340,1
5168.08,15,0,0,0,0,7,561,0
427.75,21,0,0,0,0,7,150,0
608.38,17,0,0,0,0,4,508,0
40844.51,14,0,1,0,1,9,794,1
2382.84,22,1,0,1,1,6,489,0
8284.34,17,0,0,0,0,17,544,0
9869.99,20,0,0,0,1,18,855,0
11722.55,17,0,0,0,0,9,65,0
36274.88,6,0,0,1,0,15,740,1
1668.45,13,0,0,0,0,3,405,0
257.13,17,1,1,1,1,6,334,1
3187.93,12,0,0,0,0,15,147,0
846.13,16,0,0,0,0,4,921,0
146.09,1,0,0,0,0,5,393,0
2691.73,15,0,0,0,0,4,809,0
9197.59,19,0,0,0,0,18,541,0
5020.76,8,0,1,0,0,1,303,0
2260.59,10,0,0,0,2,3,962,0
6383.83,13,0,1,0,0,12,623,0
1593.94,12,0,0,1,0,9,627,0
96.92,9,0,0,0,1,17,223,0
8682.53,22,1,0,0,1,7,378,0
5874.9,16,0,0,0,0,4,671,0
8630.54,23,1,0,1,0,8,14,1
248.3,23,0,0,1,1,7,663,0
10898.44,0,0,0,1,0,4,223,0
5808.03,20,0,0,0,0,9,294,0
4982.36,20,0,1,1,0,9,208,0
5888.8,7,0,0,0,4,7,136,0
11999.75,11,0,0,1,0,9,460,0
5314.92,12,1,0,0,0,13,897,0
5228.6,23,0,0,1,0,11,700,1
28063.01,11,1,0,0,2,10,640,1
8491.5,2,0,1,0,0,10,680,1
3513.54,6,0,0,0,1,10,14,0
7383.63,17,0,0,0,1,9,732,0
2968.21,6,0,0,0,0,3,193,0
1569.43,7,0,0,0,2,9,470,0
5460.71,7,1,0,0,0,6,493,0
15811.73,5,0,0,0,3,7,924,1
15892.25,7,0,1,0,1,9,77,1
2520.44,22,0,0,0,3,5,72,0
4510.56,13,0,0,1,1,12,762,0
1436.77,15,0,0,0,2,10,951,0
32609.48,3,0,0,0,0,4,179,0
23827.25,13,0,0,0,0,1,647,0
6300.52,7,0,0,0,0,15,131,0
9800.53,7,0,0,0,0,11,91,0
7543.71,9,0,0,0,1,4,787,0
5405.99,21,0,0,0,0,6,366,0
338.94,8,0,0,0,0,14,277,0
3649.22,18,0,0,0,1,6,754,0
6749.64,21,1,0,1,2,8,812,1
6800.5,22,1,0,0,1,18,192,0
2812.03,19,0,1,0,1,10,65,1
17062.09,4,1,0,1,0,12,862,1
1108.9,7,0,1,0,2,14,916,1
4173.2,14,0,0,0,0,10,973,0
7054.23,7,0,0,0,4,5,132,0
7176.82,7,1,0,0,0,11,348,0
6285.65,23,0,0,0,1,7,986,1
1941.89,6,1,0,1,0,11,634,1
1029.09,7,1,0,0,0,11,319,0
6072.62,23,0,0,0,1,9,617,0
5497.29,23,0,0,1,2,7,451,0
1196.0,10,0,0,1,2,6,894,0
7337.51,9,0,0,0,0,5,934,0
3653.71,10,0,1,1,0,5,253,0
6621.4,3,0,1,0,0,12,423,1
10907.56,23,0,0,0,0,10,839,0
1126.01,14,0,0,0,0,8,389,0
125.98,13,0,0,0,1,12,850,0
9070.34,8,0,1,0,0,2,2,0
5655.0,7,0,0,0,1,17,377,0
7226.63,4,0,0,0,0,3,205,0
10936.7,12,0,0,0,0,12,973,0
9751.55,6,1,1,0,0,6,303,0
19462.89,7,0,0,1,1,3,609,1
4616.38,23,0,0,0,1,10,110,0
4032.39,17,1,0,0,0,5,801,0
3093.86,6,0,1,1,0,9,175,0
1011.22,20,1,1,0,0,4,976,0
5110.31,8,0,0,0,1,5,264,0
1956.18,9,1,0,0,1,8,311,0
15263.25,3,1,0,0,0,11,108,1
5260.76,21,0,0,0,0,10,361,0
5401.3,23,0,1,1,0,6,816,1
2640.33,20,1,0,0,0,16,652,0
330.34,2,1,0,0,0,6,102,0
203.55,15,1,0,0,0,13,701,0
3312.96,0,0,0,0,0,6,832,0
540.14,5,1,1,0,0,13,172,1
5611.34,11,0,0,0,0,12,675,0
12780.43,6,0,0,0,0,12,544,0
12879.12,16,0,0,1,0,8,66,0
6466.04,15,0,0,0,1,18,63,0
1433.7,16,0,0,1,0,11,684,0
11936.51,15,0,1,0,0,14,71,0
13044.26,7,0,0,0,1,7,123,0
1323.82,16,0,1,0,3,3,177,1
8033.34,13,1,0,0,0,5,232,0
2035.6,16,0,1,1,0,8,447,0
9746.36,9,0,0,0,2,1,632,0
35360.58,12,0,0,1,3,3,505,1
192.92,6,0,0,0,0,8,425,0
13669.51,8,0,1,1,0,14,505,1
5857.18,12,0,0,1,1,7,327,0
21767.15,12,0,0,0,0,8,547,0
3763.04,18,1,1,0,3,6,847,1
11289.14,23,0,0,1,0,9,442,0
396.55,6,0,0,0,2,16,198,0
2460.33,15,0,0,1,0,8,6,0
426.21,6,0,0,0,0,3,268,0
22226.2,8,0,0,0,4,10,226,1
10198.76,23,0,0,0,0,20,644,0
11495.49,19,0,0,0,0,6,546,0
16690.36,16,0,0,0,2,11,547,0
543.67,19,0,0,1,0,3,711,0
2932.63,14,0,0,0,0,7,360,0
452.1,9,1,0,0,0,10,459,0
1430.36,19,0,0,1,0,6,353,0
1573.25,23,0,0,0,1,6,456,0
3809.17,19,0,1,1,2,11,749,1
1886.46,20,1,1,0,0,6,891,0
648.69,21,1,0,0,0,10,504,0
1109.87,5,0,1,0,0,5,7,1
965.91,1,1,1,0,2,6,471,1
21698.6,18,0,0,0,1,22,963,0
8555.04,14,1,0,0,2,16,905,1
20617.56,8,0,0,1,4,8,29,1
3486.13,11,0,0,0,0,19,251,0
1967.44,13,0,1,1,0,12,179,1
9615.64,11,0,0,0,0,8,263,0
2379.41,10,0,0,1,0,12,632,0
2144.77,7,0,0,0,0,5,18,0
1597.75,23,0,0,0,2,3,724,0
843.36,7,0,0,0,0,10,863,0
1788.02,13,0,1,1,0,11,788,1
2644.0,10,1,0,0,0,8,447,0
6735.04,17,1,1,0,1,3,791,1
397.65,13,1,0,0,0,14,726,0
1428.19,22,0,0,0,0,6,826,0
9943.63,13,0,0,1,0,22,815,0
963.43,21,0,1,0,2,6,22,0
2527.19,16,0,0,0,0,4,438,0
12009.74,13,0,0,0,3,10,428,0
1019.98,3,0,0,1,0,6,681,0
528.17,16,1,1,1,4,2,847,1
3986.15,23,0,0,0,2,9,13,0
2170.82,6,1,0,0,0,9,267,0
4982.54,0,0,0,0,0,5,212,0
9781.87,11,0,0,0,0,2,795,0
895.08,21,0,0,0,1,7,474,0
5225.0,10,0,1,0,0,15,303,0
4235.36,17,1,0,0,0,5,18,0
943.46,9,0,1,0,0,17,348,0
5878.97,6,0,0,0,1,3,642,0
1928.26,10,0,0,0,0,8,524,0
4024.64,6,0,1,0,0,5,889,0
525.13,17,0,0,0,0,10,516,0
3702.5,9,0,0,0,0,12,714,0
2205.71,9,0,0,0,0,14,809,0
10378.69,21,0,0,1,1,5,366,0
362.0,13,0,0,0,0,7,784,0
3263.97,5,1,0,1,0,12,673,1
3689.71,6,1,0,0,0,27,940,0
7756.04,11,0,0,0,5,9,59,0
5133.95,16,0,0,0,0,6,962,0
6611.5,21,0,1,0,4,12,751,1
9014.83,14,1,0,0,0,3,255,0
11901.84,0,0,0,0,0,13,727,0
2270.18,23,1,0,1,1,15,846,1
4643.44,11,0,0,0,0,8,28,0
11009.54,13,0,0,0,1,6,363,0
27320.42,19,0,0,0,2,9,503,0
13227.49,16,0,1,0,0,18,252,0
2796.2,21,0,1,0,1,7,507,0
1312.72,17,0,0,0,0,12,97,0
4042.92,16,0,0,0,2,4,176,0
8130.44,7,0,0,0,0,4,344,0
4080.37,17,1,0,0,0,23,924,0
3970.37,15,0,0,0,0,9,999,0
10939.49,10,1,0,0,3,13,411,1
2700.9,14,1,0,0,0,5,13,0
11797.88,3,1,0,0,0,12,186,1
3143.39,21,1,0,0,0,19,2,1
2397.06,15,1,0,1,1,9,380,1
3640.71,5,0,0,1,0,11,349,1
8634.19,5,0,0,0,0,3,401,0
818.06,12,0,0,0,0,3,402,0
1322.07,11,0,1,0,0,3,444,0
18160.33,18,1,1,0,0,15,910,1
1167.81,10,0,0,0,0,10,346,0
5042.19,15,0,0,1,0,8,452,0
5205.22,19,0,0,0,0,9,262,0
4045.65,22,1,0,0,0,11,400,0
6219.52,17,0,0,0,0,14,853,0
1576.84,21,0,0,1,1,12,427,0
4836.65,6,0,0,0,0,2,175,0
2802.95,18,0,0,1,0,13,200,0
6512.35,12,0,0,0,0,10,391,0
923.48,22,0,0,0,0,4,763,0
5086.08,19,1,0,1,2,7,974,0
1239.39,9,0,0,1,0,7,175,0
1969.73,13,0,0,0,0,6,839,0
1490.85,11,1,0,1,2,14,587,1
1221.51,12,1,0,0,1,12,299,0
10492.24,22,1,0,0,1,8,468,0
2028.78,1,0,0,0,1,9,985,0
15723.96,7,1,0,0,0,13,608,1
21034.67,4,0,0,0,3,5,339,1
5091.43,11,0,0,0,2,6,703,0
935.91,11,0,0,0,0,8,563,0
2825.69,12,0,0,0,1,4,597,0
9598.98,3,0,0,0,0,1,202,0
2757.41,10,0,0,0,1,6,259,0
556.23,19,1,0,0,0,9,105,0
4892.2,12,0,0,0,0,7,496,0
11200.66,18,0,0,0,0,8,174,0
9545.65,11,0,0,0,0,16,241,0
1165.13,17,0,1,0,0,19,95,0
6712.45,21,1,1,0,0,4,678,0
1504.65,22,1,0,1,1,6,103,0
1487.0,21,1,0,0,2,9,129,0
12442.26,8,0,0,0,0,4,85,0
1733.44,9,0,1,0,2,15,985,1
1843.02,20,0,0,0,0,17,270,0
13.92,17,0,0,0,2,5,236,0
12282.28,23,0,0,1,0,4,550,0
9448.49,18,0,0,0,2,11,804,0
5932.35,15,0,0,0,1,14,960,0
8334.15,16,0,0,0,0,3,637,0
999.59,11,0,0,0,0,12,244,0
3688.52,16,0,0,1,4,3,606,0
2605.96,10,0,1,0,1,1,893,0
600.82,17,0,0,0,0,5,213,0
4004.72,20,0,0,0,0,21,37,0
15220.1,6,0,0,0,1,11,382,0
255.3,11,1,0,0,4,4,598,0
2077.3,16,1,0,0,0,7,188,0
1405.69,19,0,0,0,3,5,159,0
1642.01,22,0,1,0,0,12,302,0
14354.21,9,0,0,0,3,10,131,1
3797.45,12,0,0,1,1,14,495,0
3777.52,3,1,0,0,0,21,820,1
8587.11,21,1,0,0,0,3,245,0
1016.91,12,1,0,0,0,2,594,0
4017.98,13,0,0,0,0,1,96,0
3382.56,10,1,0,0,3,9,396,0
5461.58,10,0,0,0,1,9,762,0
46351.18,13,1,0,0,0,10,148,1
8813.7,10,0,1,0,3,17,407,1
3053.65,21,0,0,0,0,9,797,0
10555.99,11,0,0,0,2,15,528,0
1133.1,3,0,0,0,2,8,612,0
195.62,17,0,1,0,3,8,416,1
1382.32,15,1,0,1,0,7,56,0
2506.84,11,0,0,0,0,10,257,0
4297.21,9,0,0,0,0,3,937,0
5739.08,22,0,0,0,0,13,357,0
14498.19,11,0,0,0,0,14,859,0
4288.31,6,1,0,0,2,12,850,1
4184.21,11,0,0,0,0,7,964,0
319.29,12,0,0,0,0,14,285,0
223.21,7,1,0,0,0,9,328,0
4816.53,14,1,0,1,0,13,88,1
3469.43,22,0,0,0,1,2,138,0
10974.83,23,1,0,0,0,10,231,1
1060.98,14,0,0,0,0,10,764,0
161.73,9,1,0,0,0,6,732,0
3586.54,6,0,0,0,0,2,963,0
1636.75,21,1,0,0,0,7,820,0
315.32,12,0,0,0,2,5,579,0
7747.15,11,0,0,0,2,10,753,0
719.95,18,0,0,1,0,16,535,0
5633.85,17,0,1,1,0,9,155,0
1989.78,16,1,0,0,3,14,554,1
1153.3,6,0,0,1,0,11,536,0
2875.81,12,0,0,1,0,7,319,0
9710.16,2,0,0,1,0,7,875,0
2996.41,8,0,0,0,1,3,8,1
8346.27,17,1,0,0,3,19,392,1
814.52,15,0,0,0,0,7,431,0
8900.79,11,0,0,0,0,7,785,0
1632.46,17,0,0,0,1,8,33,0
6797.92,18,1,0,0,4,10,384,1
5015.25,10,0,0,0,2,9,10,0
15892.69,22,0,0,1,1,13,368,1
2949.5,22,1,0,0,2,9,741,0
420.73,12,0,0,0,0,6,651,0
126.05,17,0,0,0,0,4,474,0
10531.88,22,1,0,1,0,11,508,1
4473.3,14,1,0,1,0,4,51,0
8966.44,19,1,0,0,0,14,993,0
1612.77,12,1,0,0,2,6,491,0
2549.49,15,0,0,0,0,13,626,0
193.4,7,0,0,0,1,12,840,0
19551.39,8,0,0,0,0,13,669,0
6623.34,22,0,0,0,1,3,462,0
16246.77,16,1,0,0,0,4,596,0
1861.36,2,1,0,0,1,10,290,1
5682.21,17,0,0,1,0,6,872,0
6818.55,7,1,1,0,0,12,630,1
2302.39,13,0,0,0,0,15,395,0
11317.56,0,0,0,0,0,5,136,0
17653.09,16,0,0,0,0,5,769,0
12979.38,16,0,0,0,0,6,795,0
8070.95,11,0,1,0,0,14,207,0
1959.93,23,1,0,0,1,12,883,1
1994.51,21,0,0,0,1,11,177,0
19849.74,16,1,0,1,2,6,788,1
72.03,6,0,0,1,0,7,222,0
7563.74,23,0,0,0,0,13,885,0
7360.08,20,0,1,0,1,17,47,1
5858.12,23,0,0,1,0,7,278,0
27706.69,10,1,0,0,0,2,461,0
2252.75,13,0,0,0,1,10,486,0
2502.84,17,1,0,0,0,6,471,0
503.38,17,1,0,0,0,6,22,0
3518.97,3,1,0,0,1,3,195,1
1825.14,20,0,0,0,1,6,638,0
2533.96,8,1,0,0,1,7,335,0
10805.31,14,0,0,0,0,6,242,0
16455.1,9,0,0,0,2,7,77,0
1242.8,14,0,0,1,1,7,79,0
2806.16,22,1,0,0,2,11,312,1
15849.31,16,0,0,0,1,4,22,0
392.81,14,0,0,0,0,16,716,0
591.45,5,0,0,0,0,6,624,0
1076.09,16,0,0,0,1,9,940,0
5436.36,12,0,0,0,1,6,81,0
988.45,14,1,0,1,0,4,506,0
20676.45,11,0,0,0,1,5,896,1
3561.29,15,1,1,0,0,6,445,0
4187.13,17,0,0,0,0,5,890,0
1709.42,17,1,0,0,0,2,992,0
3830.15,6,0,0,0,0,4,429,0
6516.72,1,0,0,0,0,14,169,0
8356.08,17,0,0,1,1,7,50,0
8421.33,12,0,1,0,0,9,330,0
5184.95,22,1,0,1,0,8,749,0
14092.97,15,0,0,0,5,6,683,0
10213.0,1,1,0,0,0,1,885,0
8499.35,10,1,0,0,1,5,914,0
353.27,13,0,0,0,3,4,169,0
51.41,4,0,0,0,0,8,979,0
1442.95,6,0,0,0,1,12,619,0
6545.36,22,0,0,0,4,5,754,0
3187.99,6,0,0,0,2,8,91,0
3099.06,9,1,0,0,0,13,520,0
12965.42,9,0,0,0,0,5,377,0
13565.02,15,0,1,1,0,15,530,1
14402.94,1,0,0,0,2,12,878,1
2270.2,18,0,0,0,2,5,862,0
7057.57,8,1,0,0,2,5,699,0
1911.7,20,1,0,1,0,14,153,1
1278.85,8,0,0,0,0,2,51,0
1234.7,6,1,0,0,0,21,641,0
2522.28,11,0,0,0,0,5,358,0
3382.27,21,0,0,0,1,3,722,0
10675.34,10,0,0,1,0,11,177,0
776.26,3,1,0,0,0,5,462,0
7976.47,7,0,0,0,2,5,653,0
4558.74,7,0,0,0,0,8,345,0
2047.6,17,0,0,0,3,12,320,0
4083.33,14,0,0,1,0,14,520,0
2149.55,23,1,1,1,3,5,956,1
5449.26,17,0,0,0,0,6,147,0
3423.31,14,1,0,0,0,9,62,0
1087.67,8,0,1,0,1,9,936,0
753.75,9,0,0,0,2,14,374,0
4757.15,17,0,0,1,0,5,309,0
13972.07,17,0,0,0,1,17,625,0
2539.18,1,0,0,0,4,5,361,1
7933.04,21,0,0,0,0,7,882,0
6459.28,10,0,1,0,1,3,873,0
16100.34,16,1,0,1,0,2,373,1
10331.58,12,0,1,0,0,6,3,0
5026.64,7,0,0,0,0,8,890,0
6430.68,21,0,0,0,0,17,541,0
13729.47,19,0,0,1,0,5,80,0
3070.14,8,0,1,1,0,4,391,0
2384.23,0,1,0,0,0,18,574,1
75.22,21,0,0,0,0,6,949,0
10521.23,13,1,0,0,0,9,597,0
9696.12,21,1,0,1,0,8,238,0
671.93,7,0,0,1,0,1,683,0
5170.28,16,0,0,0,3,7,782,0
3751.52,8,0,0,0,0,7,935,0
768.21,7,0,1,1,0,2,280,0
23655.07,15,1,0,0,0,11,222,1
1460.11,18,1,0,0,1,9,248,0
427.61,9,0,0,0,0,15,801,0
5430.95,1,0,1,1,0,5,372,1
8066.35,18,1,0,0,1,3,854,0
207.89,22,0,0,1,0,6,970,0
6460.27,8,1,0,0,0,4,574,0
4569.47,19,1,0,0,3,7,574,0
663.97,21,0,1,0,0,11,459,0
1146.25,15,0,1,1,0,8,463,0
5045.62,13,0,0,0,0,6,370,0
2118.91,11,0,0,0,0,5,368,0
16724.36,21,0,0,1,0,4,439,0
10256.94,18,0,0,0,0,11,990,0
24660.86,18,1,0,1,0,7,14,1
1813.96,9,0,0,0,0,15,608,0
20994.33,17,0,0,0,3,12,574,1
3395.72,13,0,1,0,1,12,538,1
2571.84,21,0,0,1,0,10,981,0
319.97,17,0,0,0,0,16,765,0
335.25,18,0,0,1,0,3,5,0
7076.15,20,0,0,0,0,8,943,0
3684.15,14,0,0,0,4,3,204,0
1551.15,14,0,0,0,4,13,541,1
5721.05,19,0,0,1,0,6,917,0
1759.0,21,0,0,0,0,13,665,0
5181.27,8,0,0,0,3,8,437,0
2680.31,14,1,1,1,1,16,80,1
10418.38,6,0,0,0,0,9,991,0
10322.04,19,0,1,0,0,7,340,0
3903.06,8,1,1,0,0,10,479,1
2602.26,16,0,1,0,2,10,75,1
2711.77,8,1,1,0,0,7,568,0
9840.56,10,0,0,1,1,5,884,0
2396.58,13,0,1,0,0,2,445,0
1417.19,10,0,0,0,3,7,544,0
540.94,8,0,0,1,0,6,240,0
3781.95,9,0,0,0,0,5,648,0
3958.21,15,0,0,1,0,12,471,0
11039.66,18,0,0,0,0,5,200,0
1510.3,21,1,0,0,0,10,386,0
2887.82,9,0,0,0,0,14,411,0
9924.25,1,0,0,0,0,8,804,0
10420.81,16,0,0,0,0,2,867,0
2923.0,15,0,0,0,0,10,919,0
3697.39,16,1,0,0,0,16,297,0
2178.28,20,0,0,0,0,9,368,0
16188.65,7,0,0,0,0,12,397,0
767.76,2,0,0,0,0,4,479,0
16295.87,0,1,0,0,0,4,621,0
6919.54,9,0,0,0,0,1,478,0
4560.24,20,0,0,0,0,9,902,0
209.23,11,0,0,0,0,10,699,0
3882.96,3,0,0,0,1,5,148,0
3152.94,7,0,1,0,0,16,858,0
1064.83,17,0,0,0,0,5,356,1
6419.83,18,1,0,0,1,11,787,1
21284.06,3,0,0,1,0,6,342,1
4965.81,13,0,0,0,0,4,652,0
7536.4,11,0,1,0,0,8,515,0
435.44,22,0,0,0,1,6,629,0
3254.28,14,0,0,1,1,8,389,0
752.22,20,0,0,0,1,8,69,0
5702.82,12,0,0,0,2,5,427,0
16740.57,18,0,0,0,1,6,983,0
6514.31,21,0,0,1,2,5,462,0
489.48,22,0,0,0,0,9,565,0
2637.93,14,0,1,0,0,12,497,0
4809.9,16,0,0,0,3,6,167,0
3107.12,17,0,0,0,3,3,519,0
10771.75,21,0,0,0,0,8,122,0
10123.74,11,1,0,0,0,10,803,0
5687.89,21,0,0,1,2,8,870,0
2815.24,10,0,0,0,0,12,206,0
1778.94,12,1,0,1,0,6,437,0
681.45,10,0,0,0,0,6,785,0
2640.08,6,1,0,1,0,5,967,0
3208.15,16,0,0,1,0,9,788,0
6768.79,13,0,0,0,1,2,546,0
6450.47,9,0,0,0,0,9,638,0
446.12,15,0,0,0,3,7,286,0
3027.73,15,1,0,0,3,9,626,0
1213.74,19,0,1,0,1,12,808,1
1033.4,21,0,0,1,4,9,397,0
10547.27,12,0,0,0,0,9,947,0
266.91,16,0,0,0,0,13,902,0
3269.92,11,0,0,0,2,4,824,0
1115.01,21,0,1,0,0,15,375,0
12698.19,20,0,0,0,0,6,371,0
4895.66,17,1,0,1,0,8,505,0
1588.96,5,0,0,0,1,8,91,0
4198.08,18,0,0,1,1,15,637,1
7899.12,10,0,0,0,1,7,18,0
19047.4,6,1,0,0,1,7,88,0
1504.2,13,0,0,0,1,3,736,0
13048.92,8,0,1,0,0,7,359,0
16346.31,4,1,0,0,0,11,282,1
14901.75,12,0,0,0,1,12,162,0
6063.96,2,0,0,1,0,10,405,1
5972.61,9,0,0,0,5,3,540,0
3107.15,20,1,0,0,1,2,261,0
8385.59,14,1,0,0,1,8,362,0
4556.68,16,1,1,0,4,8,850,1
6798.76,17,0,0,0,0,8,776,0
3366.5,7,0,0,0,0,14,747,0
7899.35,22,0,0,1,0,9,880,0
10449.72,1,1,0,0,0,4,162,0
960.01,13,1,0,0,0,8,567,0
10746.04,11,0,0,0,0,17,790,0
4673.04,20,0,0,0,1,11,87,0
11183.06,15,0,0,0,0,6,841,0
3396.43,13,0,0,1,0,6,565,0
2868.94,23,0,1,0,0,2,311,0
14804.91,17,0,0,0,0,16,411,0
1745.45,4,0,0,1,0,15,123,1
11165.57,15,0,0,0,0,16,334,0
3980.13,6,1,0,0,1,6,884,0
4340.46,1,1,0,0,0,5,340,0
2223.08,2,1,0,1,0,4,922,1
5116.42,16,0,0,0,0,6,41,0
2370.13,14,0,0,0,0,5,967,0
250.37,20,0,0,0,1,16,728,0
1914.71,8,1,0,0,4,9,73,1
48.4,18,0,0,0,1,8,747,0
23007.83,7,0,0,0,0,18,71,0
20253.92,10,0,0,0,0,4,741,0
3026.7,4,1,1,1,0,15,196,1
7829.91,19,0,0,0,0,11,447,0
2556.11,15,0,0,0,0,12,331,0
6681.88,1,0,0,0,1,8,708,0
9831.78,18,1,0,0,0,5,220,0
17607.25,18,0,0,0,0,9,183,0
3077.08,11,0,0,0,0,5,177,0
9185.39,19,0,0,0,1,6,475,0
1864.89,15,0,1,0,0,8,849,0
27843.79,12,0,0,1,0,13,360,1
166.64,14,0,0,1,0,11,646,0
5560.91,10,0,1,0,0,8,465,0
6474.15,16,1,0,0,0,8,235,0
6999.39,11,0,0,0,0,19,437,0
779.64,20,1,0,0,0,7,140,0
16745.22,21,0,0,0,0,18,488,0
1209.37,10,0,0,0,0,5,769,0
5859.14,1,1,0,1,1,8,285,1
1521.39,23,0,0,1,0,8,602,0
2212.23,18,0,0,0,0,12,328,0
4754.01,15,0,0,0,0,6,51,0
3249.4,21,1,0,0,1,9,698,0
1057.73,7,0,0,0,0,12,478,0
1134.75,14,0,0,0,0,11,286,0
3259.2,17,1,0,0,1,7,320,0
8505.15,13,0,0,0,0,4,634,0
13704.62,17,0,0,0,0,6,179,0
537.27,11,0,0,1,0,16,132,0
3006.39,23,1,0,0,0,10,600,1
643.8,16,0,0,0,4,9,730,0
110.39,16,0,0,0,0,4,200,0
6513.26,20,0,1,1,0,8,607,0
5544.6,17,1,0,1,4,5,594,1
1077.72,15,1,0,0,1,7,445,0
1607.97,12,0,0,1,0,3,674,0
153.96,10,0,0,0,1,3,315,0
10818.94,21,1,1,0,1,10,801,1
22069.48,19,0,1,0,1,14,808,1
883.34,22,1,0,0,0,7,73,0
1589.69,11,0,0,0,0,4,852,0
12178.36,23,0,0,0,0,10,808,0
15669.86,12,0,0,0,0,11,943,0
3274.51,17,0,0,0,0,4,686,0
321.69,11,0,0,0,0,10,2,0
251.13,7,0,0,0,0,9,619,0
5129.19,19,0,0,0,0,5,679,0
3004.32,8,0,0,0,0,5,21,0
184.43,20,0,0,1,0,16,462,0
5261.65,6,0,0,1,2,6,350,0
78.2,17,1,0,0,1,11,554,0
9299.27,10,0,0,0,4,8,814,0
2205.44,7,0,0,0,0,15,115,0
256.54,7,0,0,1,1,5,371,0
5335.52,12,0,0,0,2,7,17,0
3051.84,19,0,0,1,2,27,289,0
21862.07,2,1,0,0,1,5,331,1
4724.19,0,1,0,1,0,9,504,1
1941.48,11,0,0,0,0,7,42,0
7425.65,9,1,0,1,2,4,229,1
1910.54,23,0,0,0,1,4,776,0
14085.67,9,0,0,1,2,7,132,0
2827.35,23,0,0,0,0,8,487,0
4799.29,6,0,0,0,0,11,618,0
321.38,23,0,1,1,0,4,139,1
3342.02,15,0,0,0,2,10,149,0
10725.75,7,0,0,0,2,6,388,0
9838.53,14,1,0,0,0,12,239,0
1534.08,12,0,0,0,1,9,747,0
1547.71,10,0,0,1,0,5,269,0
10209.63,9,0,1,0,0,13,287,0
15999.81,16,1,0,0,0,7,949,0
611.32,12,1,0,1,1,9,388,0
3597.66,13,0,0,0,2,8,255,0
2479.99,8,1,0,1,0,1,272,0
12283.18,12,1,1,1,0,3,883,1
533.32,10,0,0,0,0,6,104,0
1432.89,3,0,0,0,0,9,49,0
8387.3,12,0,0,1,4,16,298,1
325.94,12,0,1,1,2,5,342,1
4079.97,13,0,0,1,0,12,312,0
3511.53,17,1,0,0,0,7,478,0
2452.41,12,0,0,0,0,12,848,0
3020.92,20,0,0,0,0,14,964,0
4539.38,21,0,0,0,1,8,882,0
1065.9,19,0,0,0,0,8,500,0
5101.73,19,0,0,0,2,7,857,0
9831.85,19,0,0,0,0,8,551,0
8576.72,10,0,0,0,4,9,234,0
1012.71,6,1,0,1,0,6,685,0
979.82,22,0,0,1,2,5,304,0
1883.28,11,1,1,0,1,3,319,1
2697.81,18,0,0,0,0,11,535,0
3160.11,13,0,0,0,0,3,366,0
6840.93,23,0,0,0,2,3,301,0
360.1,15,0,0,0,0,13,898,0
221.73,2,0,0,0,0,12,992,0
2994.6,6,0,0,0,2,24,3,0
7177.38,20,0,0,0,0,3,247,0
1299.83,20,0,0,0,0,5,789,0
6165.03,15,0,0,0,1,6,264,0
1815.24,8,0,0,0,0,6,487,0
13043.87,6,0,0,0,0,3,516,0
13572.33,7,1,0,0,0,9,219,0
2126.84,22,1,0,0,1,9,548,0
1578.14,3,1,0,0,0,9,824,0
3189.07,18,0,0,1,1,16,752,0
1660.82,17,0,0,0,0,17,624,0
6705.48,17,1,0,0,2,10,329,0
10504.43,9,0,0,1,0,10,840,0
6718.46,17,0,0,0,4,12,590,1
10445.59,16,0,0,0,0,6,821,0
3044.95,13,0,0,0,0,5,113,0
1029.87,9,0,0,0,0,8,230,0
8045.34,19,0,0,0,0,4,707,0
2692.17,8,0,0,0,0,14,948,0
6685.13,13,0,0,1,1,1,749,0
1903.56,17,1,0,0,2,9,394,0
518.31,10,0,0,1,0,7,225,0
29432.91,23,0,0,1,0,18,949,1
1029.05,16,0,1,1,2,6,376,1
26761.37,14,0,0,1,0,2,146,0
22717.04,10,0,1,0,0,9,934,0
9483.98,10,0,0,0,0,9,283,0
6472.68,19,0,0,0,0,4,926,0
5183.76,17,0,0,1,0,11,74,0
12074.04,16,1,0,0,1,10,296,0
2060.21,16,0,0,0,0,3,104,0
3793.08,7,0,0,1,1,15,654,0
5805.88,13,0,0,0,0,15,687,0
3187.92,10,1,1,0,0,1,703,0
3356.31,12,0,1,0,0,3,903,0
2415.42,12,1,0,0,3,9,651,0
4993.87,15,0,1,0,0,2,671,1
11415.75,7,0,0,0,0,9,697,0
1360.34,9,0,0,1,0,9,128,0
16358.1,23,0,0,0,0,11,666,0
7019.47,15,0,0,0,0,8,828,0
10408.9,16,0,1,0,0,4,918,0
4884.16,16,0,0,0,0,14,838,0
9081.6,21,0,1,0,4,3,340,1
108.0,2,0,1,0,0,11,700,1
10245.05,15,1,0,0,1,10,811,0
255.8,2,1,0,0,0,2,894,0
13248.93,11,0,0,0,0,2,463,0
28952.01,16,1,0,0,4,18,498,1
2099.41,15,0,0,0,1,13,413,0
1426.75,12,0,0,0,0,6,927,0
8708.3,9,0,0,0,1,5,394,0
1760.35,13,0,1,1,5,7,50,1
12049.93,20,0,0,0,0,6,846,0
661.14,21,0,0,0,0,11,254,0
817.74,15,0,0,1,0,3,521,0
23232.86,7,0,0,0,1,7,344,0
6732.18,12,1,0,1,1,4,229,1
11269.48,13,1,0,0,1,5,604,0
2362.3,18,0,0,1,0,8,211,0
6781.04,18,0,0,0,3,16,541,1
5421.99,23,0,0,0,0,5,916,0
5555.18,21,0,0,1,0,11,51,0
6894.28,18,0,0,1,0,4,783,0
5149.07,13,0,0,0,4,11,309,1
3372.85,14,0,0,1,0,8,168,0
1947.14,11,0,0,0,0,13,448,0
8791.16,12,1,1,0,3,9,691,1
1549.21,10,1,0,0,3,10,315,1
7082.84,8,0,0,0,0,9,996,0
1604.21,21,0,0,0,3,4,96,0
5900.26,1,1,0,0,1,16,377,1
8258.05,20,0,0,0,0,13,916,0
1490.88,23,0,0,0,0,6,789,0
380.89,11,0,0,0,0,16,228,0
852.29,7,0,0,0,0,7,796,0
5598.38,10,1,0,0,1,3,764,0
11370.62,15,0,0,1,0,14,38,0
286.24,18,0,1,0,2,3,182,0
7958.97,17,0,0,0,2,2,646,0
2515.09,12,0,1,0,0,9,837,0
3916.6,6,0,0,0,3,7,967,0
15868.6,14,0,0,0,1,7,365,0
2430.55,20,0,0,0,0,3,623,0
3766.71,11,0,0,0,1,13,499,0
92.66,12,0,0,1,3,12,792,1
520.73,12,0,0,0,0,8,547,0
1805.22,16,0,0,1,4,13,797,1
179.48,6,0,0,0,0,10,880,0
5997.86,6,0,0,0,0,4,974,0
3344.92,8,0,0,0,1,23,227,0
4776.37,5,0,0,0,1,10,964,1
1161.67,21,1,0,0,1,13,338,0
2115.28,12,0,0,1,0,15,688,0
6550.73,10,0,0,0,1,8,662,0
20176.56,21,0,0,0,1,6,744,0
320.39,12,0,0,0,0,8,926,0
13274.65,18,0,0,0,0,16,318,0
5170.61,14,0,0,0,2,2,42,0
4989.57,11,0,0,1,0,14,235,0
4172.23,9,0,0,0,0,11,143,0
441.52,9,0,0,0,0,9,683,0
575.05,19,0,0,0,1,6,777,0
5521.44,7,0,1,0,0,2,532,0
2511.81,14,0,0,0,0,7,836,0
14962.9,15,1,0,0,0,9,833,0
3141.22,7,1,0,0,0,11,185,0
937.88,23,0,0,0,0,5,402,0
7535.68,22,0,0,0,0,11,324,0
2093.35,14,0,0,1,0,5,28,0
4482.59,4,0,0,0,0,3,711,0
7190.65,9,0,1,0,3,6,270,1
13841.38,7,0,0,0,0,11,253,0
9436.82,21,0,0,1,2,12,808,0
6778.76,10,0,0,0,1,5,764,1
6839.73,16,0,0,0,0,19,250,0
17514.26,11,1,0,1,0,9,370,1
2114.36,7,0,0,0,4,7,294,0
16.68,11,0,0,0,0,14,913,0
1914.35,18,0,0,0,0,13,826,0
1484.57,18,0,0,0,0,11,359,0
6515.32,22,0,0,1,0,15,946,0
6036.01,15,0,0,1,1,4,198,0
5410.46,20,0,0,1,3,12,189,1
108.26,0,0,0,1,0,12,154,1
7838.91,0,0,0,0,0,5,627,0
2355.21,12,0,0,0,0,12,827,0
6572.75,7,0,1,0,5,18,681,1
4889.41,9,0,0,0,0,5,708,0
2527.97,11,0,1,0,2,11,220,1
877.22,11,0,0,0,0,11,461,0
605.07,16,0,0,1,1,5,610,0
10695.57,15,1,0,0,0,6,174,0
15045.38,18,0,0,1,3,5,210,1
6305.3,20,1,0,0,0,7,152,0
665.1,19,0,0,0,1,10,350,0
3095.26,18,1,1,1,0,13,626,1
7842.47,15,0,0,1,1,4,138,0
9089.88,11,1,1,0,0,7,962,0
764.87,23,0,0,0,0,5,939,0
10.18,21,0,1,0,0,10,823,0
7481.62,15,0,0,1,0,12,733,0
2655.9,16,1,0,0,0,2,577,0
1772.05,18,0,0,0,0,6,977,0
87.89,7,0,1,0,0,18,790,0
4673.08,20,0,0,0,0,7,187,0
11438.93,23,0,0,0,0,6,858,0
18978.12,22,0,0,1,0,9,376,0
5014.74,22,0,0,1,0,8,842,0
4344.98,17,1,0,1,0,15,392,1
543.36,11,1,0,0,2,12,247,1
4786.04,12,0,0,1,0,7,596,0
2878.01,15,0,0,0,1,6,534,0
5615.74,20,0,0,0,0,8,441,0
2963.26,22,0,0,0,4,7,436,0
1658.98,22,0,1,0,0,10,304,0
608.69,7,1,0,0,2,5,120,0
2279.3,17,0,0,0,0,8,88,0
619.84,2,1,0,0,0,13,406,1
1178.04,21,1,1,0,0,18,983,1
26224.03,22,0,0,0,0,6,433,0
3533.04,1,1,0,0,0,9,476,0
4564.08,17,0,1,1,0,6,642,0
12420.7,20,0,0,0,3,3,954,0
32524.65,20,0,0,0,0,16,938,0
5253.91,22,0,0,0,0,4,997,0
10053.02,21,0,0,0,1,5,836,0
2385.53,7,0,0,0,1,4,549,0
2199.49,14,0,0,0,0,10,149,0
3102.05,9,0,0,0,1,7,508,0
6707.74,6,0,0,0,0,15,282,0
6887.84,18,0,1,0,0,5,655,0
2282.12,16,0,0,0,0,4,483,0
867.75,12,0,0,1,0,6,559,0
6014.5,23,0,0,0,0,10,271,0
834.04,21,0,0,0,0,5,598,0
5193.51,23,1,0,1,0,5,385,1
7103.7,12,0,0,0,0,5,436,0
7246.08,18,0,1,0,1,9,474,0
8411.68,11,0,0,0,0,2,509,0
12384.77,15,0,0,0,1,4,394,0
4168.39,23,0,0,0,2,4,126,0
7871.54,14,0,0,0,2,9,660,0
5802.46,18,1,0,1,2,8,956,0
1249.49,5,0,0,1,0,5,176,0
166.15,5,0,0,0,0,7,249,0
2018.99,21,1,0,0,0,10,513,0
3521.5,16,0,0,1,0,5,332,0
5769.98,17,1,0,0,0,10,382,0
11391.09,9,0,0,0,0,8,809,0
1320.77,14,0,0,0,4,5,24,0
814.96,1,0,0,0,0,7,986,0
19869.36,10,0,0,0,0,8,704,0
696.03,7,1,0,0,0,4,491,0
3916.17,13,0,1,0,1,8,370,0
5295.02,21,0,0,1,0,6,446,0
4687.13,11,0,0,0,0,12,960,0
549.76,13,0,1,0,4,11,770,1
362.31,12,0,0,0,1,5,916,0
678.83,21,1,1,0,1,9,438,1
5295.36,18,1,0,0,3,2,915,0
4726.11,8,0,0,0,0,6,25,0
1607.41,6,0,1,1,1,7,615,1
6102.92,20,0,0,0,0,11,1,0
10301.04,14,1,0,0,1,5,607,0
264.81,22,1,0,1,0,3,58,0
4146.48,10,0,0,0,0,4,580,0
7023.77,10,1,0,0,0,6,771,0
1754.62,7,0,0,0,0,15,420,0
2217.03,7,0,0,1,0,5,715,0
5715.88,19,1,0,0,0,12,502,0
13702.89,8,0,0,0,0,8,275,0
9972.0,6,0,0,0,0,10,201,0
5259.89,21,0,0,0,0,9,170,0
7870.93,13,0,0,0,0,13,297,0
2733.1,1,0,0,0,1,11,20,1
6156.02,17,1,0,0,0,2,457,0
3776.2,19,0,0,0,0,13,914,0
1273.85,18,1,0,0,1,8,493,0
7268.7,19,0,0,0,0,16,441,0
4887.87,23,0,1,0,0,7,228,0
2674.81,16,1,0,0,0,5,554,0
14547.62,17,0,0,0,3,3,736,0
136.94,22,0,0,0,0,4,580,0
2286.79,17,0,0,0,0,11,990,0
361.38,23,0,0,1,2,11,523,1
8738.14,13,0,0,0,0,1,554,0
7276.13,15,1,0,0,0,1,979,0
2424.99,21,1,0,0,0,6,914,0
6765.83,13,0,0,0,4,5,493,0
3034.46,13,1,1,1,1,15,376,1
8479.77,6,1,0,0,0,5,261,0
3642.84,14,0,0,0,0,6,890,0
3199.03,7,0,0,0,0,4,491,0
16385.33,17,0,0,0,0,3,230,0
1743.13,21,0,0,0,0,10,851,0
780.05,17,0,1,0,0,8,660,0
5280.26,9,0,0,0,0,3,962,0
20915.22,11,0,0,1,2,11,979,1
2857.34,11,0,0,1,0,9,186,0
394.27,21,0,0,0,0,7,229,0
2496.78,16,0,0,0,1,9,363,0
4240.49,14,0,0,1,0,2,331,1
1069.87,13,1,0,0,2,9,653,0
6449.46,5,0,0,0,0,21,64,0
36589.32,12,1,0,1,1,9,382,1
3616.03,20,1,1,0,3,4,980,1
2638.51,5,0,1,1,0,6,938,1
3082.0,10,0,0,0,0,12,618,0
744.0,5,1,0,0,0,9,386,0
12897.54,14,0,1,0,0,6,434,0
3225.07,22,1,0,0,0,8,246,0
2949.03,15,1,0,0,0,5,265,0
6477.39,14,0,0,0,1,4,429,0
3510.74,1,0,0,0,1,5,327,0
6278.73,7,0,0,0,2,11,120,0
390.49,20,0,0,0,0,13,511,0
10093.13,1,0,1,1,0,14,516,1
16941.07,4,0,0,0,2,4,189,0
6287.81,17,0,0,1,0,13,240,0
18558.96,22,0,1,1,1,10,322,1
995.23,6,0,0,0,0,4,87,0
3903.82,19,0,0,0,0,11,769,0
5534.91,7,0,0,1,0,1,369,0
5239.86,20,0,0,0,0,5,325,0
3089.59,11,0,0,0,0,3,416,0
2485.7,6,0,0,0,0,8,275,0
823.71,22,0,0,0,1,16,287,0
2992.94,9,1,0,0,0,11,822,0
1075.16,19,1,0,0,0,15,4,1
7963.81,22,0,0,0,0,6,903,0
1415.46,13,0,0,1,0,13,32,0
372.1,1,0,0,1,0,7,353,0
4832.68,6,0,0,0,0,6,6,0
5436.61,16,1,0,0,0,5,354,0
12340.28,15,0,0,0,0,3,895,0
5172.04,11,0,0,0,0,4,51,0
2553.13,8,1,0,0,1,8,527,0
9757.67,9,0,1,0,0,10,767,0
4672.81,8,0,0,0,0,6,540,0
505.6,17,0,0,0,3,10,80,0
5016.2,18,0,0,1,0,9,21,0
14327.01,1,0,0,1,0,2,598,0
3038.19,9,0,1,0,0,15,97,0
2118.64,11,0,0,0,0,4,629,0
939.19,12,0,1,0,0,3,867,0
995.33,3,1,0,0,0,5,409,0
3411.96,23,0,0,1,0,20,680,1
5443.29,20,0,0,0,3,12,794,1
514.3,6,0,0,0,0,14,147,0
16847.48,6,0,0,0,0,8,404,0
8452.26,9,0,0,1,0,2,94,0
5310.38,11,0,0,0,0,2,426,0
10586.89,13,0,0,0,0,10,367,0
511.51,10,0,0,1,3,5,612,0
3897.19,22,0,0,0,0,6,377,0
5977.02,1,1,0,0,5,7,404,1
10594.38,14,1,0,0,0,1,894,0
9190.14,2,0,0,1,0,15,425,1
1956.65,13,0,0,1,0,5,372,0
16979.13,17,0,0,0,0,4,557,0
806.7,13,0,0,0,0,9,982,0
12493.07,7,0,1,0,1,9,421,0
21240.41,22,1,1,0,0,11,155,1
1179.91,16,0,0,0,0,6,864,0
7692.23,14,0,0,0,1,7,814,0
256.72,13,1,1,0,0,7,214,0
3129.43,23,1,0,1,0,6,520,1
4367.54,14,0,0,0,0,8,780,0
5224.23,23,0,1,0,0,6,857,0
16497.35,12,0,0,0,1,9,978,0
6703.04,10,0,0,0,0,1,577,0
3948.32,14,0,0,0,3,9,832,0
9964.13,17,0,0,0,2,8,893,0
18048.68,6,1,0,0,0,9,416,0
143.88,9,0,0,1,0,7,302,0
24290.62,20,1,0,0,1,7,578,1
550.42,20,1,1,0,2,11,548,1
10114.54,15,0,0,0,0,12,430,0
1983.81,17,1,0,0,3,10,406,1
860.62,8,0,0,0,3,2,400,0
3487.36,20,0,0,0,0,10,381,0
6206.22,12,1,0,1,1,7,112,0
2887.43,6,0,0,1,0,11,28,1
346.66,23,0,0,1,0,10,117,1
5499.67,23,1,0,1,0,11,432,1
13971.47,20,0,0,0,0,7,676,0
2909.41,15,0,0,0,1,5,632,1
1472.62,17,0,0,0,0,4,765,0
3516.59,7,0,0,1,0,9,464,0
307.43,23,1,1,0,2,4,995,1
10315.07,20,1,0,0,0,7,737,0
10513.96,22,0,0,0,0,6,217,0
5330.4,10,0,1,0,0,11,807,0
2623.41,18,0,0,0,0,17,204,0
9660.13,18,0,1,0,2,4,720,0
4863.87,16,0,0,0,0,12,932,0
10499.87,6,0,0,0,0,2,250,0
5999.22,8,0,0,0,0,6,186,0
9216.13,21,1,0,0,0,12,609,0
5486.23,22,0,0,0,0,5,48,0
3218.06,12,0,0,1,0,12,553,0
19022.78,0,0,0,0,0,5,307,0
4683.72,9,1,0,0,0,8,676,0
5584.58,16,1,0,0,0,7,484,0
1504.52,15,1,0,1,0,8,305,0
5905.4,20,0,1,0,0,7,884,0
5096.29,18,0,0,0,1,9,58,0
1236.21,8,0,0,1,0,5,924,0
378.62,2,0,1,1,0,18,738,0
5573.49,10,0,0,0,2,4,656,0
8665.72,20,1,0,0,3,10,989,1
4456.48,7,0,0,0,0,12,628,0
1553.09,8,0,1,0,0,7,989,0
6599.07,23,0,0,0,0,2,119,0
510.98,14,0,0,1,3,8,216,0
3508.59,8,0,0,1,0,4,535,0
1080.22,21,0,1,0,3,11,977,1
1233.42,7,0,0,1,0,6,196,0
1366.09,12,1,0,0,0,7,855,0
2943.48,13,0,0,0,1,7,598,0
325.03,8,1,0,0,1,4,806,0
3052.93,15,1,0,0,1,9,539,0
4311.04,20,1,1,0,2,11,158,1
3971.69,13,0,0,0,1,10,374,0
2905.22,7,0,1,0,0,2,576,0
10973.57,6,0,0,0,0,7,150,0
952.22,22,0,0,1,0,9,710,0
4237.64,12,1,0,0,0,7,859,0
394.3,8,0,0,0,0,13,278,0
452.88,15,1,0,1,0,2,845,0
5128.01,23,0,1,0,0,7,63,0
5018.52,14,0,1,1,0,7,408,0
12634.05,22,1,0,0,3,16,178,1
4906.96,13,0,0,1,0,11,225,0
19291.99,13,1,0,1,0,4,414,1
309.52,14,0,1,0,0,14,86,0
628.9,22,1,0,0,0,4,391,0
280.4,8,0,0,0,0,18,442,0
1239.44,16,1,0,0,0,4,457,0
4685.76,17,0,0,0,0,4,160,0
6233.5,10,0,0,0,1,17,931,0
289.94,14,1,0,0,1,7,209,0
17519.39,23,1,0,0,0,12,662,1
11087.24,14,0,1,1,1,12,410,1
2121.08,6,0,0,0,0,7,992,0
491.98,18,0,0,0,1,5,989,0
1127.16,17,0,0,0,0,7,37,0
824.54,23,0,0,0,0,8,164,0
799.43,9,0,0,0,1,9,686,0
4395.86,8,0,0,0,0,7,874,0
1702.96,13,0,0,0,0,10,650,0
2670.31,9,0,0,1,0,11,471,0
27351.33,23,0,0,0,1,6,389,0
6928.05,19,1,0,0,0,16,512,0
17863.3,23,0,0,0,0,4,715,0
932.8,9,0,0,1,2,14,573,0
2898.96,6,0,0,1,2,13,140,0
4864.47,21,0,0,0,0,14,20,0
489.18,12,0,0,0,0,4,906,1
35.18,7,0,0,0,0,5,666,0
6669.88,13,0,0,0,0,11,268,0
6170.31,23,0,0,0,1,16,106,1
3183.82,11,1,0,0,1,10,473,1
4045.88,15,0,0,1,0,12,648,0
3231.41,14,1,1,0,0,7,372,0
155.79,7,0,0,1,0,3,276,0
2461.16,7,0,0,0,0,4,970,0
1179.39,21,0,0,0,0,11,473,0
631.67,4,0,0,0,0,5,240,0
18850.45,21,0,0,0,0,7,559,0
5498.15,16,0,0,0,0,8,350,0
7836.21,16,0,0,0,0,3,716,0
2283.21,16,0,0,0,0,6,8,0
3006.81,15,0,0,0,0,7,471,0
1632.39,11,0,0,0,0,11,81,0
621.97,19,0,0,1,0,9,644,0
1193.62,10,0,1,1,1,4,705,1
9592.51,10,1,0,0,1,9,293,0
6800.77,15,0,1,1,1,5,180,1
4760.24,19,0,0,0,0,3,999,0
3877.17,14,0,0,0,0,18,264,0
15349.78,10,0,0,1,0,9,417,0
463.09,0,1,0,0,2,11,613,1
1986.03,16,0,0,0,2,4,127,0
2594.12,19,0,0,0,2,6,122,0
9161.29,4,1,0,0,0,12,999,1
29378.82,12,0,0,0,1,16,419,0
1661.92,2,0,0,0,2,2,153,0
12453.49,17,1,0,0,0,7,191,0
10663.76,13,0,0,0,0,7,861,0
1536.7,2,0,0,0,0,12,296,0
3068.28,20,0,0,1,0,6,830,0
3172.47,15,1,0,0,0,7,668,0
22970.76,19,0,0,0,2,7,53,0
1207.24,6,0,0,1,2,11,867,1
9641.42,13,0,0,1,3,14,307,1
2450.53,23,1,0,0,0,13,496,1
7885.37,5,0,0,0,0,14,579,0
3278.48,22,1,0,0,1,10,322,1
5191.62,9,0,0,0,0,8,848,0
10734.64,10,0,0,0,0,15,382,0
9792.91,19,0,0,0,1,11,241,0
12088.47,13,1,0,0,0,6,751,0
378.81,6,0,0,0,0,13,238,0
7076.92,16,0,0,0,0,17,764,0
914.85,17,1,1,1,3,19,353,1
3235.26,23,0,0,0,0,6,441,0
4782.25,7,0,0,0,0,6,775,0
3102.41,11,0,0,0,3,11,791,1
4408.96,14,0,0,0,0,8,122,0
33985.23,6,1,1,0,0,4,95,1
881.66,21,1,1,0,0,11,940,1
6762.01,12,0,0,0,0,17,62,0
3035.1,18,0,1,1,0,11,850,1
866.37,10,0,0,0,2,22,980,0
1047.1,19,0,0,0,0,20,904,0
17897.79,4,0,1,0,1,10,94,1
12711.69,1,0,0,0,0,6,269,0
14263.64,11,0,1,0,0,9,742,0
28639.32,10,0,0,0,0,6,926,0
1411.55,16,0,0,1,0,5,660,0
2645.12,17,1,1,0,0,12,74,1
6647.79,10,0,0,0,0,8,365,0
3977.6,5,0,0,0,0,13,668,0
3261.73,16,0,0,1,1,5,403,0
2667.24,5,1,0,0,0,12,642,1
5415.17,14,0,1,0,0,17,557,0
5152.38,20,0,0,1,1,21,91,1
1066.54,21,0,0,1,0,2,557,0
3839.0,0,0,0,0,2,10,318,0
4847.52,21,1,1,0,0,14,948,0
5077.83,9,0,0,0,3,6,436,0
1425.15,15,0,0,0,0,2,429,0
8145.09,8,0,0,0,3,5,973,0
163.13,19,0,0,0,0,4,780,0
2639.47,13,0,0,1,1,13,511,1
9100.57,14,0,0,0,2,7,160,0
4989.2,6,0,0,0,0,7,767,0
1826.06,10,0,0,1,2,7,657,0
7133.74,9,0,0,1,0,15,824,0
5037.52,11,0,1,0,0,4,616,0
9554.98,20,0,0,0,0,7,998,0
7978.72,9,0,0,0,0,7,277,0
5661.31,13,0,0,0,0,5,161,0
4028.67,17,0,1,0,4,16,856,1
867.56,6,1,0,0,1,2,567,0
1827.45,19,0,0,0,1,3,380,0
3269.05,16,1,0,0,0,9,251,0
5497.24,14,0,1,0,0,3,592,0
4335.67,13,0,0,0,0,8,3,0
2049.62,5,0,0,0,0,11,87,0
48.91,23,0,0,0,0,8,439,0
4123.92,6,0,0,0,1,5,658,1
2028.09,23,1,0,0,1,6,10,1
7969.29,22,1,0,1,0,8,544,0
155.43,18,0,0,0,0,7,236,0
5284.37,11,0,0,0,0,10,333,0
17039.73,15,1,0,0,0,7,467,0
1159.94,11,1,1,0,0,11,800,1
3837.97,18,0,0,0,0,7,295,0
585.25,10,0,0,0,0,12,845,0
5905.9,17,0,0,1,2,13,751,0
4808.14,14,0,0,1,0,10,9,1
3149.06,22,0,0,0,1,5,268,0
4431.05,8,0,0,0,0,9,6,0
13623.43,8,0,0,0,0,10,570,0
1321.13,16,0,0,0,1,13,468,0
146.94,21,0,0,1,0,11,106,1
11878.46,4,1,0,0,0,6,980,0
5173.96,23,1,0,0,0,8,428,0
13289.67,19,0,0,0,1,20,952,0
5462.1,11,0,0,0,0,9,136,0
9979.48,18,0,0,1,0,2,698,0
3379.28,5,0,0,0,0,3,201,0
8324.41,20,0,0,0,0,5,956,0
14663.94,6,0,0,0,1,10,763,0
5103.52,22,0,0,0,1,8,644,0
1206.45,1,0,0,0,0,14,277,0
1888.39,7,0,0,0,0,12,520,0
1338.7,18,1,0,0,3,6,568,0
1711.0,14,0,0,0,0,8,291,0
2205.29,1,0,0,0,1,5,661,0
4869.89,15,0,0,0,0,3,490,0
5330.27,14,0,0,0,0,11,26,0
3345.98,6,0,0,0,2,5,50,0
5743.63,6,1,0,1,0,16,384,1
520.57,17,0,0,0,1,4,774,0
561.3,14,1,0,0,1,6,645,0
1141.22,9,0,0,1,0,13,410,0
4389.83,4,0,0,0,1,3,923,0
1454.75,17,0,1,0,0,10,824,0
2008.46,7,0,0,1,1,8,703,0
3078.08,18,0,0,0,5,10,978,0
10033.61,0,1,0,1,3,6,631,1
93.75,14,0,0,0,1,6,444,0
6298.29,20,0,0,0,0,6,933,0
6641.58,23,1,0,0,1,7,21,1
9626.44,10,0,1,0,1,15,565,1
16206.29,14,0,0,0,0,19,181,0
132.06,8,0,0,1,0,6,208,0
1011.88,20,0,0,1,0,5,545,0
13048.36,16,0,0,0,0,13,104,0
3690.68,9,0,0,1,2,6,898,0
4998.81,23,0,0,0,0,15,732,0
6536.52,12,0,0,0,0,7,686,0
6829.13,14,0,1,0,0,13,55,0
16116.62,8,0,0,0,2,4,949,0
34764.54,19,0,0,0,3,11,836,1
7651.17,10,1,0,0,0,10,562,0
2041.5,8,0,0,0,1,9,43,0
12719.21,20,1,0,0,0,13,148,0
312.84,8,0,0,1,0,6,150,0
1586.62,14,0,0,0,1,5,249,0
13670.67,14,0,1,0,0,4,181,0
1785.83,18,1,0,0,0,12,723,0
1505.78,21,0,0,0,0,4,990,0
901.87,9,1,0,1,0,10,367,1
11768.73,16,1,0,0,0,9,419,0
4169.58,9,0,0,0,0,4,301,0
6751.61,6,0,0,0,0,4,261,0
1649.25,18,0,0,0,0,8,4,0
8523.91,8,0,0,0,0,6,143,0
8572.84,15,0,0,0,0,11,765,0
2259.02,16,1,0,1,2,16,344,1
3182.74,20,0,0,0,0,6,609,0
1421.98,10,0,0,0,4,11,970,0
22530.13,19,0,0,0,0,20,867,0
6234.02,15,1,0,0,1,14,741,1
16368.25,15,0,0,0,0,4,244,0
2179.14,12,1,0,0,1,8,96,0
9146.56,16,1,0,0,0,5,464,0
8720.98,17,0,0,0,0,4,77,0
7069.23,21,0,0,0,0,2,81,0
20234.99,17,0,0,0,0,10,69,0
3010.85,7,0,0,1,1,9,173,0
850.52,3,0,0,0,2,7,72,0
6693.13,8,0,0,0,0,8,303,1
7850.68,8,0,0,0,3,6,602,0
5144.85,22,0,0,0,0,2,268,0
1400.21,0,0,1,0,1,7,422,0
4222.59,15,0,0,0,3,5,551,0
2255.45,10,0,0,0,0,24,985,0
3356.1,6,1,1,0,0,23,941,1
6227.52,6,0,0,1,0,5,123,0
8214.01,2,0,0,0,0,9,504,0
1595.55,12,1,1,0,1,11,497,1
3128.45,2,1,0,1,1,10,50,1
1891.38,10,0,0,1,4,10,882,1
1338.61,8,0,0,0,0,9,547,0
9187.86,6,0,0,1,0,6,829,0
14408.06,14,0,0,0,0,20,389,0
2784.42,16,1,0,0,3,15,845,1
8358.54,22,0,0,1,0,7,685,0
13647.88,21,1,0,1,4,19,806,1
11239.66,9,0,0,0,0,9,414,0
1221.33,15,0,0,0,0,9,781,0
18791.33,6,0,0,0,0,14,399,0
2846.14,11,0,0,0,2,5,339,0
2496.19,10,0,0,0,0,4,102,0
396.79,16,0,0,0,1,11,294,0
4005.22,1,0,0,0,0,7,234,0
702.56,14,1,0,0,0,5,608,0
1724.42,17,0,0,1,0,8,867,0
2297.06,17,1,0,0,1,3,212,1
9937.44,20,0,0,0,0,10,340,0
12510.15,10,1,0,1,2,6,369,0
2171.23,20,1,0,0,0,11,77,0
11751.14,9,0,0,1,0,25,90,0
11689.16,11,1,0,0,0,13,816,0
8690.11,15,0,0,0,0,6,593,0
961.83,3,1,0,0,1,25,94,1
7043.35,16,0,0,0,1,13,260,0
17415.16,22,0,0,0,0,10,648,0
6894.43,11,0,1,0,3,6,585,1
2427.36,8,0,0,0,0,5,86,0
4175.84,8,0,0,0,2,10,876,0
6236.09,2,1,0,0,0,5,396,0
4297.09,19,0,0,0,0,8,19,0
776.68,3,0,0,0,0,5,865,0
2254.36,19,1,0,0,0,9,704,0
9738.94,23,1,1,0,4,6,644,0
11867.76,9,0,1,0,0,22,386,0
896.13,9,0,1,0,0,8,704,0
18277.87,10,0,0,0,0,11,636,0
2402.33,23,1,1,0,0,11,895,1
6523.83,7,1,0,0,0,6,383,0
8371.73,22,0,1,0,0,4,711,0
10036.16,12,0,0,0,0,8,259,0
17494.88,6,1,0,0,0,5,712,0
2261.82,13,1,0,0,0,1,905,0
11743.01,8,1,0,1,0,14,116,1
857.22,11,0,0,0,1,10,21,0
7335.51,14,0,0,0,1,5,725,0
8138.26,9,0,0,1,1,8,696,0
6804.07,11,0,0,0,4,10,96,0
1754.64,14,1,0,0,2,6,892,0
12393.45,10,0,0,0,0,10,449,0
1119.73,10,1,0,0,0,20,86,0
340.76,9,0,0,0,3,11,107,1
7593.72,11,1,1,0,0,8,194,0
3881.58,20,0,0,0,0,12,446,0
11356.75,23,0,0,0,0,10,585,0
2911.18,12,0,0,1,5,6,487,1
1115.55,11,0,1,0,2,7,955,0
10873.53,23,1,0,0,0,6,719,0
4786.53,16,0,0,0,3,5,976,0
1268.37,19,0,0,0,4,5,300,0
7656.03,19,1,0,0,0,5,330,0
4303.75,13,1,1,0,2,13,905,1
5572.79,22,0,0,0,2,10,976,0
3717.11,6,1,0,0,0,9,140,0
10596.35,20,0,0,0,1,2,42,0
10626.33,8,0,0,0,0,21,116,0
7424.61,15,0,0,1,1,11,469,1
678.28,14,0,0,0,3,4,30,0
10962.66,9,0,0,0,0,5,877,0
6680.42,18,0,0,0,0,6,667,0
7174.61,9,0,0,0,3,16,314,0
2715.75,19,1,0,0,4,8,589,0
12695.67,5,0,0,1,0,9,183,0
7764.02,15,1,0,0,3,5,476,1
726.69,12,1,0,0,0,9,883,0
3153.24,18,0,0,0,0,3,365,0
13059.39,5,0,0,0,1,11,824,0
300.08,8,0,1,0,1,2,663,0
19539.6,6,1,0,0,1,4,283,0
6830.92,4,0,0,0,0,11,214,0
5997.87,13,0,1,0,0,12,248,0
1902.86,11,1,0,0,3,29,693,1
1726.43,3,0,0,1,0,3,397,0
17099.9,18,0,0,0,0,10,169,0
2135.26,6,0,0,0,2,1,607,0
8973.42,12,1,1,0,0,9,984,0
3006.56,18,1,0,0,0,4,401,0
909.74,20,0,0,0,0,3,618,0
74.64,5,0,0,0,2,6,975,1
4724.96,8,1,0,1,4,5,168,1
22333.17,8,1,0,0,0,8,754,0
2773.99,7,1,0,0,0,6,494,0
2661.46,19,0,0,1,0,13,318,0
2540.4,10,1,0,0,2,7,528,0
4420.62,18,0,0,0,0,5,263,0
3496.04,18,0,0,0,1,5,305,0
12727.31,14,0,0,0,0,10,701,0
4235.5,19,0,0,0,0,10,206,0
4262.71,20,1,0,0,2,19,483,1
903.59,11,0,0,0,0,13,855,0
24366.02,20,1,0,0,2,3,394,0
1735.88,16,0,1,0,0,9,449,0
467.17,9,0,0,1,0,14,203,0
6538.64,3,0,0,0,0,9,41,0
5438.64,11,0,0,0,0,2,4,0
3228.35,20,0,0,0,0,14,293,0
3301.08,21,0,0,0,1,5,915,0
9234.49,22,0,1,1,0,6,889,0
1316.79,22,0,0,0,2,8,299,0
10307.24,13,1,0,0,0,18,550,0
6287.49,19,0,0,0,0,11,124,0
3267.71,8,0,0,1,0,13,343,0
3685.25,11,0,1,1,2,5,24,1
1789.51,18,1,0,1,0,6,461,0
8378.73,19,0,0,0,0,5,497,0
4325.4,23,0,1,0,0,11,992,1
2331.52,23,1,0,0,0,5,961,0
5448.79,16,0,0,0,0,10,342,0
32753.11,0,0,0,0,0,4,102,0
3438.36,23,1,0,0,0,8,49,0
15216.45,16,0,0,0,0,13,888,0
2548.87,20,0,0,0,1,8,96,0
347.73,6,0,0,1,1,10,362,0
1380.76,22,1,0,0,1,11,359,0
3264.88,17,0,1,0,0,14,688,0
1497.96,23,0,0,0,0,4,103,0
11.36,18,0,0,0,2,8,909,0
14800.73,21,1,0,0,0,8,100,0
11152.76,13,0,0,1,0,17,687,0
8145.57,7,0,0,0,3,3,533,0
1112.2,17,0,0,1,4,9,888,0
779.48,6,0,0,1,2,4,720,0
429.99,14,1,0,0,5,19,122,1
7734.76,7,0,0,1,2,8,649,0
15864.25,19,1,0,1,1,5,452,1
3388.36,6,0,0,1,0,16,345,0
771.14,21,1,1,1,3,12,336,1
4319.47,22,0,0,1,2,10,330,1
2583.92,18,0,0,0,0,5,970,0
2828.34,9,1,1,0,0,5,607,0
5836.55,14,1,0,1,0,5,409,0
7620.39,14,0,1,0,3,5,329,0
713.27,17,0,1,0,0,6,284,0
227.43,22,0,0,0,0,15,884,0
31045.72,9,1,0,0,0,8,877,0
1599.49,7,0,0,0,4,10,846,0
342.0,8,0,0,0,0,6,261,0
1273.4,11,0,1,0,0,13,230,0
248.42,21,1,1,0,0,4,970,0
2993.62,7,0,0,0,0,9,38,0
9739.12,4,0,0,0,0,12,284,0
2514.42,23,0,0,0,0,6,458,0
3533.9,13,0,0,0,0,13,673,0
6764.42,15,0,0,0,0,7,816,0
4276.57,13,1,1,0,0,4,468,0
11868.96,15,1,0,0,0,5,192,0
12071.09,4,0,0,0,3,7,863,0
69.76,11,1,0,0,0,12,506,0
9041.72,19,0,0,0,0,3,775,0
3715.27,7,0,0,1,0,11,603,0
26982.81,16,1,0,1,0,5,648,1
3970.97,12,0,0,0,0,17,398,0
26019.0,18,0,0,0,0,5,264,0
8438.45,8,1,0,0,1,6,886,0
1724.94,23,0,0,0,0,12,259,0
4648.27,17,1,0,0,0,6,4,0
29082.48,20,1,0,0,3,10,660,1
11701.77,5,0,0,0,0,12,447,0
624.63,8,0,0,0,1,17,461,0
7362.65,12,0,0,1,0,17,454,0
2554.03,16,0,0,0,0,7,132,0
52.04,18,0,0,0,0,4,21,0
3109.86,6,1,0,1,0,11,854,1
1615.35,23,0,0,0,2,4,427,0
10261.22,16,0,0,1,0,5,51,0
2478.87,14,0,0,0,0,9,595,0
10554.97,10,0,0,0,0,3,471,0
13.59,15,1,0,0,0,15,785,0
2217.45,15,0,1,0,1,17,388,1
1665.83,22,1,0,0,0,9,32,0
1606.05,9,0,0,0,1,9,883,0
433.74,22,0,0,0,1,4,29,0
1253.06,22,0,0,0,0,6,351,0
4875.5,13,0,0,0,0,10,853,0
2076.45,8,0,0,0,0,8,178,0
3251.47,14,0,0,0,0,6,714,0
2847.97,2,1,0,1,0,10,169,1
12530.24,0,0,0,0,4,3,805,0
14152.18,9,1,1,1,0,9,302,1
4084.96,13,0,0,0,0,7,522,0
2414.26,1,0,1,0,0,6,740,0
687.67,6,0,0,0,0,18,988,0
18407.3,18,0,0,1,0,11,468,1
382.7,12,1,0,0,0,2,151,0
2129.94,23,0,0,1,0,7,384,0
2133.5,9,0,0,0,0,7,4,0
2327.52,14,0,0,1,1,25,698,1
1086.82,8,0,0,0,2,4,184,0
9181.61,19,1,0,0,0,2,639,0
794.06,21,0,0,0,2,6,817,1
6055.61,16,0,0,0,0,2,794,0
803.28,23,0,0,0,1,10,108,1
448.88,20,1,0,0,0,3,811,0
14419.76,1,0,0,0,2,4,982,0
1275.28,11,0,0,0,2,2,46,0
10340.61,15,0,1,1,1,7,924,1
4729.88,13,1,0,0,1,11,649,1
496.33,15,0,0,0,0,8,85,0
18676.62,18,0,0,0,0,14,133,0
1711.83,11,0,0,0,0,24,660,0
11791.5,18,0,0,1,0,11,169,0
1119.38,5,0,0,0,0,20,466,0
11552.55,12,0,1,0,0,5,992,0
89.9,23,0,0,1,1,21,831,1
4311.94,21,0,0,1,0,8,729,0
8813.53,3,0,0,0,0,10,310,0
16391.36,14,1,0,0,1,5,556,1
14404.72,22,1,0,0,0,4,890,0
10286.3,3,1,0,0,0,12,765,1
13155.8,21,0,0,0,4,10,936,0
1343.01,17,0,0,0,2,11,388,0
2016.0,21,1,0,0,0,4,333,0
2056.23,11,0,0,0,0,13,324,0
2849.77,12,0,0,1,0,12,154,1
3008.53,8,1,0,0,0,11,897,0
4728.89,11,0,0,1,0,10,206,0
1055.26,22,0,0,1,3,10,310,1
7061.28,6,0,1,0,3,19,381,1
1110.41,20,0,0,1,1,7,80,0
2239.07,20,0,0,0,0,8,290,0
4209.16,13,1,0,0,0,13,517,0
9560.78,9,0,0,0,0,2,351,1
8080.21,1,0,0,0,0,8,627,0
6232.86,21,1,0,0,0,12,618,0
1026.01,7,0,1,0,1,7,337,0
4761.78,7,0,0,0,1,14,217,0
559.05,2,0,0,0,1,12,28,1
2852.75,7,1,0,1,0,9,145,0
3211.66,22,0,0,1,1,3,488,0
253.75,14,0,0,0,0,7,278,0
1931.13,8,0,1,0,1,8,340,0
18703.78,15,0,0,0,0,6,558,0
18436.95,23,0,0,0,0,5,937,0
2616.22,21,0,0,1,0,2,465,0
274.34,20,0,1,1,0,4,174,0
1194.09,4,0,1,0,5,7,388,1
2997.63,22,0,0,0,0,8,395,0
17723.7,5,0,0,0,3,10,58,1
923.31,6,0,0,0,0,11,295,0
8661.24,21,1,1,1,0,9,142,1
700.33,20,1,0,0,0,8,800,0
23871.79,10,1,0,0,0,12,244,1
2893.88,6,0,1,0,0,13,123,0
8966.19,11,0,0,0,0,11,878,0
2526.69,19,0,0,0,1,9,209,0
5937.83,8,0,0,0,0,2,879,0
1289.28,8,0,0,0,0,15,411,0
957.09,22,0,0,1,0,5,763,0
16699.94,21,0,0,0,1,18,814,0
14990.46,15,0,0,0,1,3,470,0
13117.16,11,0,0,0,0,6,104,0
5901.91,23,0,0,0,0,7,130,0
9919.95,15,0,1,0,0,4,575,0
439.21,8,0,0,0,3,4,617,0
2455.91,7,1,0,0,0,3,974,0
2268.67,11,0,0,1,1,9,557,0
6067.76,23,0,0,0,0,3,934,0
2649.95,11,1,1,0,0,8,643,0
974.58,19,0,0,0,4,6,868,0
5454.98,21,0,0,0,0,12,504,0
10114.45,16,0,1,0,2,16,551,1
2898.8,7,0,0,0,0,2,326,1
861.24,21,0,0,0,0,9,471,0
1324.07,22,0,1,0,1,4,953,0
1636.79,11,0,0,1,3,8,277,0
2149.17,2,1,0,0,2,4,837,0
6186.67,15,0,0,0,0,5,445,0
5521.94,6,0,1,0,0,7,894,0
7155.94,20,0,0,0,0,6,203,0
2711.22,6,0,0,0,0,4,282,0
10433.55,7,1,1,0,0,8,999,0
1379.6,21,0,0,1,0,4,375,0
3808.42,3,1,0,0,1,4,301,0
9694.86,7,0,0,1,1,15,357,1
1201.87,9,1,0,0,2,6,240,0
708.28,15,0,0,0,3,9,15,0
12918.67,8,0,1,0,0,16,616,0
2529.79,19,1,0,0,2,8,854,0
6919.61,7,1,0,0,1,4,324,0
164.05,21,0,0,0,3,3,45,0
7038.01,17,1,0,0,0,8,409,0
2289.67,9,0,0,1,0,4,626,0
354.13,17,0,0,0,1,8,719,0
5656.77,9,0,0,0,3,3,802,0
1662.97,11,0,1,0,1,4,133,0
2944.46,15,1,0,0,1,2,643,0
514.08,9,0,0,0,0,16,595,0
965.12,17,0,0,0,1,10,311,0
2132.74,20,0,0,0,1,5,61,0
574.28,6,0,1,0,1,4,261,0
14513.01,12,0,0,0,1,2,614,0
46.39,23,0,0,0,0,7,211,0
3978.27,16,0,0,0,1,4,584,0
799.18,16,0,0,0,0,12,341,0
2216.23,19,0,0,1,4,3,200,0
15636.97,4,0,0,0,0,9,836,0
1068.24,18,0,0,0,0,8,404,0
20268.85,14,0,0,0,5,13,501,1
1392.48,10,0,0,0,0,13,763,0
8128.69,19,0,0,0,0,9,376,0
4756.91,11,0,0,0,1,3,164,0
12959.8,15,0,0,0,0,11,838,0
4854.53,21,1,0,0,0,8,254,0
4598.62,6,0,0,0,2,11,696,0
1314.89,13,0,0,0,0,5,595,0
1100.78,9,0,0,0,0,5,6,0
14906.67,18,0,0,0,0,11,823,0
2393.54,3,1,1,0,0,11,856,1
2802.08,15,1,1,0,0,1,573,0
8568.29,9,0,0,0,0,6,645,0
2492.41,14,0,0,0,2,10,157,0
18237.14,6,1,0,0,0,13,68,1
8044.81,11,0,0,0,0,8,986,0
5469.31,11,1,0,0,0,9,698,0
12776.51,16,1,0,0,0,9,622,0
315.27,21,0,0,1,0,1,826,0
1792.86,16,1,1,0,0,9,180,0
3763.34,20,1,1,0,2,7,147,0
1554.69,20,1,0,0,0,5,366,0
8183.25,13,0,0,0,0,2,18,0
15105.27,17,0,0,0,1,16,506,0
3317.49,16,0,0,0,0,14,966,0
2522.51,6,0,0,0,0,5,287,0
19560.49,21,0,0,1,0,8,1,0
3541.13,21,0,0,0,3,13,6,1
4038.88,12,0,0,0,3,8,37,0
2609.95,23,0,0,0,0,4,258,0
14427.65,7,0,1,0,0,9,58,0
5059.26,15,0,0,1,0,1,235,0
8627.31,10,0,0,1,1,18,933,0
10031.71,22,0,0,0,0,11,432,0
2519.93,21,0,0,0,0,4,471,0
3421.73,16,1,1,0,1,4,300,1
11331.9,11,0,0,0,0,19,300,0
2718.32,19,0,0,0,0,4,283,0
9487.39,18,1,0,0,2,9,475,0
16990.53,13,1,1,0,1,8,549,1
5866.41,6,0,0,0,1,6,856,0
8130.11,23,1,0,0,3,4,859,1
9821.53,22,1,0,0,0,7,632,0
11197.52,21,0,0,0,0,8,607,0
3025.69,4,0,0,1,0,15,158,1
325.74,22,0,0,0,0,7,88,0
3093.75,10,0,0,0,0,17,577,0
6730.66,21,0,0,0,0,9,360,0
3600.85,12,1,0,1,0,5,992,0
8302.93,12,0,1,0,0,6,143,0
2659.5,21,0,0,0,0,6,792,0
6052.94,7,0,0,0,0,7,629,0
1247.86,20,0,0,0,1,8,11,0
8312.65,22,0,0,0,0,5,363,0
4743.93,11,0,0,1,0,5,998,0
1379.42,12,0,0,1,5,5,112,0
2081.11,19,1,1,0,1,6,50,1
8294.47,21,0,0,1,0,4,542,0
3963.65,19,0,0,0,0,7,530,0
1470.32,14,0,0,0,0,10,623,0
20527.0,17,0,0,0,0,11,673,0
7544.23,14,0,0,0,0,8,874,0
18908.17,11,0,0,1,0,4,643,0
3352.32,20,0,0,0,0,7,322,0
3877.29,13,0,1,1,0,8,779,0
13704.06,11,0,0,0,0,5,376,0
4477.27,18,0,0,0,0,10,853,0
7381.21,12,1,1,0,3,5,791,1
1753.5,9,0,0,0,0,5,184,0
3561.42,18,1,1,0,0,5,65,0
800.57,5,0,0,0,0,11,564,0
1393.88,1,0,0,0,0,6,263,0
15.66,1,0,0,0,0,18,111,0
250.34,4,1,0,0,0,1,475,0
22718.07,19,0,0,0,0,12,337,0
1675.23,20,0,0,0,1,12,675,0
6541.57,15,0,0,1,0,9,912,0
10971.82,11,0,1,0,0,7,307,1
4809.86,19,1,0,0,3,10,693,1
1007.35,16,0,0,0,0,8,963,0
7824.29,3,0,0,1,0,4,332,0
5511.52,15,1,1,1,0,6,308,1
7893.86,6,0,0,0,0,9,854,0
8821.45,22,0,1,0,0,4,212,0
22242.58,16,1,0,0,0,9,225,0
5123.75,15,0,0,1,0,10,199,0
2518.03,20,0,0,0,0,10,695,0
6282.67,6,0,0,0,0,11,421,0
435.37,5,0,0,1,1,10,775,1
13671.35,22,0,0,1,1,11,663,1
772.78,23,0,0,0,0,4,641,0
2393.58,16,1,1,0,4,6,760,1
10158.62,5,1,0,0,1,11,233,1
5467.56,15,1,1,1,1,4,268,1
3011.64,18,0,0,0,0,5,97,0
3858.29,4,1,1,0,2,12,763,1
11577.43,19,0,0,0,3,12,783,0
2503.13,11,0,0,1,0,7,442,0
12235.18,8,0,0,0,1,5,283,0
563.58,12,0,0,0,1,9,976,0
9008.08,20,0,0,0,0,9,847,0
11295.42,22,1,0,0,0,9,817,0
1214.02,14,0,0,1,0,7,637,0
3386.36,3,0,0,0,0,3,959,0
1095.53,14,0,0,0,0,8,563,0
7367.39,15,1,0,0,0,9,152,0
4608.8,20,0,0,0,0,1,313,0
6062.47,6,0,0,0,3,9,429,0
1322.57,23,0,0,1,0,11,876,1
1437.61,13,0,0,0,0,17,50,0
264.3,21,1,0,0,0,9,801,0
2342.25,19,0,0,0,2,9,206,0
4932.4,11,0,0,1,0,8,587,0
11718.82,22,0,0,0,1,14,538,0
6606.37,22,1,0,1,0,6,884,0
3439.79,10,0,0,0,0,5,460,0
18371.0,12,0,0,1,0,8,226,0
7631.64,4,0,0,1,0,16,633,1
15979.74,11,0,0,0,1,7,377,0
4509.42,20,1,1,0,0,13,101,1
1807.75,8,1,0,0,0,4,805,0
335.64,18,1,0,0,1,9,745,0
7779.62,6,1,0,0,0,5,987,0
785.89,19,1,0,0,0,9,80,0
2173.88,0,0,0,0,3,2,487,1
4571.76,13,1,0,0,0,10,268,0
4996.41,11,0,0,0,2,9,47,0
5516.5,22,0,1,0,1,9,797,0
1100.97,3,0,1,0,0,6,962,0
2875.67,7,1,0,0,0,7,774,0
5771.37,12,0,0,0,0,10,886,0
21013.23,21,1,0,0,0,7,778,0
7813.59,22,0,0,1,1,17,993,0
15362.9,22,0,0,0,0,26,130,0
8628.26,2,0,0,0,0,13,594,0
5384.77,12,0,1,0,0,4,305,0
1289.33,19,0,1,0,0,13,144,0
6602.02,12,0,0,0,1,11,966,0
5869.1,18,1,0,0,1,7,975,0
5544.9,23,0,0,0,1,9,910,0
4047.55,12,0,0,0,2,4,703,0
4523.01,8,0,0,0,0,5,771,0
2452.78,17,0,0,0,0,12,937,0
4405.23,9,0,0,0,0,13,520,0
1330.56,20,0,0,0,4,5,508,0
9823.9,14,0,0,0,0,10,103,0
1243.13,16,0,1,0,3,10,942,1
542.77,20,0,0,0,1,8,549,0
3448.82,15,1,0,1,1,9,595,0
6453.06,13,0,0,0,0,8,367,0
3464.5,6,0,0,0,0,15,491,0
1954.04,21,0,1,0,0,5,759,0
4911.0,10,0,0,0,0,16,886,0
2567.09,12,0,1,0,2,2,834,0
16216.54,8,0,0,0,1,9,37,0
15366.11,21,0,0,0,1,2,421,0
4197.41,2,0,0,0,0,4,771,0
2393.95,11,1,0,0,0,16,492,0
8026.63,20,1,0,0,1,7,444,0
234.42,13,1,1,0,0,20,98,1
3873.5,15,0,0,1,2,3,610,0
2469.76,7,0,0,0,1,6,383,0
15204.7,6,0,0,0,0,7,108,0
82.45,17,0,0,0,0,9,293,0
4838.7,3,0,0,0,1,7,368,0
8107.77,1,0,1,0,0,8,748,0
3991.74,13,0,0,0,0,14,635,0
545.63,4,1,1,0,0,9,673,1
21563.0,18,0,0,1,0,19,726,1
4389.0,20,0,0,0,1,12,751,0
5724.4,17,0,0,0,0,16,249,0
1629.92,5,0,0,1,1,12,961,1
3974.06,18,0,0,0,0,3,813,0
3373.77,22,0,0,0,3,6,432,0
477.09,18,0,0,1,5,9,576,1
683.37,21,0,0,0,1,20,60,0
10911.45,13,0,0,0,0,11,659,0
1655.2,16,0,0,0,0,7,443,0
1311.17,20,0,0,0,0,3,810,0
4228.11,7,0,1,0,0,4,869,0
8795.46,12,0,0,0,0,12,15,0
393.69,19,1,0,0,1,10,307,1
5169.57,22,0,0,1,0,11,338,0
771.62,9,0,0,0,0,5,893,0
232.85,6,1,0,1,0,7,208,0
335.12,8,1,0,1,2,8,291,0
10790.54,6,1,0,0,0,20,316,0
763.19,22,0,0,0,0,4,103,0
287.21,19,0,0,0,3,3,267,0
3466.45,5,0,0,0,0,7,391,0
11157.14,7,0,0,0,1,6,670,0
1836.19,1,1,0,0,0,11,558,1
3296.11,18,0,0,0,0,3,261,0
254.45,12,1,0,0,0,8,66,0
3586.98,2,0,0,0,2,28,813,1
5181.0,6,0,0,0,0,17,513,0
5086.49,2,1,0,0,0,11,895,1
2434.64,7,1,0,0,0,7,403,0
2284.69,18,1,0,0,0,20,567,0
686.48,20,1,0,1,0,12,625,1
2751.8,21,0,0,1,3,10,175,1
638.8,23,0,0,0,3,5,663,0
8739.91,2,1,0,0,0,15,166,1
20346.97,23,0,0,1,0,12,272,1
21064.26,22,0,1,0,0,14,14,1
12028.04,10,0,0,0,3,4,964,0
5519.64,10,0,0,0,0,9,250,0
7251.18,20,0,0,0,0,13,262,0
2024.56,14,0,0,0,1,8,260,0
5988.02,9,0,0,0,0,21,837,0
3658.97,19,0,0,0,0,19,803,0
3956.88,17,1,0,0,0,5,666,0
8517.37,16,0,0,0,0,16,393,0
1997.03,12,1,1,0,1,4,945,1
2306.7,13,0,1,0,0,17,247,0
15523.01,21,1,0,0,0,13,197,1
357.2,3,0,0,0,0,10,665,0
3998.92,6,0,0,0,1,18,813,0
14647.36,17,1,0,0,2,12,82,0
5665.24,12,1,0,0,0,18,870,0
4753.33,16,0,0,0,0,4,158,0
1734.05,15,1,0,0,0,10,60,0
2532.94,11,0,1,0,0,9,800,0
11475.22,17,1,0,0,0,2,99,0
4925.23,6,0,0,0,0,9,596,0
4348.45,16,0,0,0,4,7,799,0
639.36,7,0,0,0,0,7,980,0
106.95,16,0,0,0,0,12,91,0
19903.18,20,0,0,1,1,12,946,1
2849.12,21,0,1,0,0,10,573,0
5556.13,9,0,0,0,0,5,145,0
508.43,18,0,0,1,0,10,179,0
6905.28,9,0,0,0,0,5,655,0
16189.7,20,1,0,0,3,8,254,1
5153.4,7,0,0,0,0,8,140,0
818.84,0,1,0,1,0,8,11,1
5239.65,13,1,0,0,3,10,874,1
8733.51,2,0,0,0,0,12,584,0
3139.46,17,1,0,0,0,1,579,0
12723.47,21,0,0,0,0,12,737,0
6286.4,21,0,1,1,4,7,628,1
13780.61,8,0,0,0,0,16,25,0
5871.11,6,0,0,0,0,3,806,0
854.46,21,1,0,0,0,2,873,0
2233.7,15,0,0,1,4,5,977,1
1362.34,22,0,0,1,1,8,96,0
14379.95,14,0,0,0,0,8,689,0
8582.71,23,0,0,1,1,4,534,1
6779.45,8,0,0,0,2,10,235,0
2158.34,2,0,0,1,1,8,195,0
1230.37,17,1,0,0,1,5,408,0
8484.62,9,1,0,1,0,5,724,0
3866.53,2,0,0,0,0,8,958,0
1545.47,18,0,0,0,1,12,655,0
5762.4,11,0,0,0,0,16,813,0
257.02,1,0,1,0,0,3,365,0
2378.67,8,1,1,0,0,24,553,1
3802.96,22,0,0,0,2,9,902,0
970.72,7,0,0,0,1,3,818,0
25071.59,14,1,0,1,0,3,369,1
1417.48,19,1,0,1,1,12,810,1
848.01,20,0,0,1,1,4,706,0
1375.43,3,0,0,0,3,7,126,0
8803.61,5,0,0,0,0,2,97,0
3335.59,15,0,0,0,0,17,590,0
5010.2,11,0,1,0,1,1,444,0
137.4,13,0,0,1,0,7,136,0
220.23,20,1,0,1,0,11,82,1
3551.65,5,1,0,0,0,17,905,1
10188.32,14,0,0,1,1,5,239,0
12999.42,7,0,1,0,0,7,377,0
554.19,21,0,0,0,0,10,697,0
4647.86,13,1,0,1,0,9,458,0
14676.94,17,1,0,0,0,12,539,0
2955.87,13,0,0,0,3,14,614,0
10626.44,6,0,0,0,0,4,680,0
871.11,21,1,0,0,0,4,202,0
16446.73,17,0,0,0,0,17,211,0
8362.02,7,0,0,0,0,8,491,0
17025.41,10,0,0,0,2,7,924,0
6783.51,14,1,0,0,5,7,973,0
2719.72,21,0,0,0,0,14,217,0
16711.28,16,1,0,1,0,11,921,1
1944.19,3,0,0,0,0,3,894,0
2432.35,20,1,0,0,0,6,394,0
7250.03,5,0,0,0,0,9,671,0
8707.1,18,0,0,1,0,12,879,0
15914.65,16,0,0,0,1,18,901,0
1384.99,16,1,0,1,1,4,846,1
9606.87,1,1,0,0,0,5,847,0
8058.98,8,0,0,0,1,5,412,0
405.52,18,0,1,0,2,4,73,0
2948.53,4,0,0,0,0,13,490,0
2004.11,19,0,0,0,3,6,584,0
2188.66,16,1,0,0,1,6,364,0
24438.53,15,0,1,0,0,7,141,0
6186.38,22,0,0,0,2,11,583,0
7598.2,15,0,1,0,0,8,506,0
22544.64,22,0,1,0,0,2,196,0
2851.2,18,1,0,0,0,9,917,0
9722.09,15,0,0,0,2,9,657,0
3430.6,14,0,0,0,0,7,565,0
12229.84,12,1,0,0,0,7,2,0
1205.52,19,0,0,0,0,9,161,0
17712.97,9,0,0,0,0,7,930,0
1491.33,16,0,0,0,1,11,904,0
2379.11,16,0,0,1,0,3,749,0
8478.25,12,0,0,1,0,11,486,0
3012.83,22,0,0,0,2,8,988,0
5632.2,18,0,0,0,1,5,255,0
3538.11,5,0,0,0,2,2,969,0
8147.38,13,0,0,1,0,12,818,0
1565.2,10,0,0,0,0,8,641,0
371.42,9,1,0,0,1,10,629,0
2149.44,18,0,0,0,0,11,606,1
3868.25,22,1,1,0,1,3,813,1
1113.68,12,0,0,0,0,12,32,0
2639.14,11,0,0,1,0,6,62,0
3074.78,16,0,0,0,0,13,863,0
364.63,18,1,0,0,0,8,324,0
5262.44,16,0,0,0,0,12,676,0
12952.78,6,0,1,0,0,6,655,0
997.43,22,1,0,0,1,10,376,1
5474.95,22,1,1,0,0,4,114,0
6567.08,22,0,1,0,0,1,78,0
3271.48,10,1,0,0,0,9,945,0
7255.83,21,0,0,1,0,16,18,1
3183.24,22,0,0,0,0,16,139,0
4224.79,15,0,0,0,2,26,973,0
54.28,18,0,0,0,0,8,336,0
7070.48,21,0,0,0,0,2,143,0
6506.6,17,1,0,0,0,9,203,0
244.95,11,0,0,0,1,6,907,0
2765.57,6,0,0,0,0,8,761,0
23198.5,10,1,0,0,0,12,475,1
3285.99,14,0,1,0,0,15,439,0
4192.27,14,1,0,0,0,20,443,0
14453.02,7,1,0,1,0,4,836,0
7589.4,2,1,0,0,0,9,986,0
5244.65,19,1,0,0,0,5,63,0
9601.13,4,0,1,0,0,10,892,1
11996.78,15,0,0,0,0,3,185,0
3672.64,19,0,0,0,0,8,154,0
3877.38,7,0,0,0,0,6,911,0
2937.06,14,0,0,0,0,10,362,0
20424.29,7,0,0,0,0,7,845,0
7177.43,13,1,0,1,2,16,854,1
531.35,16,1,0,1,0,6,880,0
11934.88,1,0,0,1,0,15,616,1
3940.02,15,0,0,1,1,12,85,1
437.39,19,0,0,0,0,5,651,0
4797.28,15,1,0,0,0,12,186,0
3249.1,17,0,0,0,0,21,834,0
12620.09,16,0,0,1,0,13,509,0
1378.9,23,0,0,0,0,7,459,0
10518.24,17,0,0,0,0,1,637,0
4904.45,6,1,0,0,0,6,346,0
346.95,14,0,0,0,3,12,425,1
21430.25,19,0,0,0,2,8,629,0
4322.21,14,1,0,0,4,13,143,1
2072.36,8,1,0,1,0,13,756,1
3812.56,18,1,0,0,2,4,766,0
11715.56,22,0,0,1,1,7,461,0
2192.22,14,0,0,0,2,7,975,0
1294.18,19,0,0,1,0,12,440,0
839.17,23,0,0,0,1,9,375,0
2131.73,19,0,0,0,0,5,51,0
9096.08,1,0,0,0,0,10,639,0
3837.71,11,0,0,0,0,4,230,0
1558.6,7,1,0,1,3,12,690,1
1100.46,14,0,0,0,0,10,147,0
2437.36,4,1,0,0,0,13,940,1
16882.91,14,0,0,0,3,7,492,0
2530.67,22,0,0,0,0,25,75,0
26609.45,13,0,0,0,2,12,332,0
3994.22,13,1,0,0,1,12,599,1
1194.59,20,0,0,0,0,6,513,0
13316.16,9,1,0,0,0,5,862,0
3711.07,9,0,0,1,0,16,39,0
7430.45,3,1,0,0,5,18,919,1
24713.81,20,0,0,0,2,3,985,0
318.87,9,1,0,0,0,16,880,1
620.17,9,0,0,0,0,20,300,0
7657.59,11,1,0,0,0,8,21,0
1996.25,16,0,1,0,1,6,412,0
1232.26,21,0,0,1,0,17,395,0
250.95,23,1,0,0,0,7,664,0
142.53,17,0,0,0,1,14,652,0
8946.23,11,0,0,0,0,12,700,0
876.23,18,1,0,0,0,7,579,0
3793.52,8,0,0,1,1,20,673,0
5596.86,17,0,0,1,0,14,77,0
3365.39,20,0,0,0,0,10,962,0
174.88,4,1,0,0,1,12,245,1
9191.03,14,0,0,0,0,3,298,0
73.41,16,0,0,0,0,4,300,0
8620.13,2,0,0,0,2,4,825,0
13436.66,8,1,0,0,0,2,656,0
3412.68,9,1,0,0,1,18,84,0
4611.31,22,1,0,0,0,6,224,0
3898.85,22,0,0,0,0,8,215,0
2968.0,13,0,1,0,0,21,702,0
13114.79,17,0,1,0,0,2,906,0
13472.13,18,0,0,0,1,1,191,0
2465.18,20,1,1,0,0,9,279,0
5738.16,11,0,0,0,0,3,465,0
15706.18,17,0,0,0,1,9,946,0
19640.26,10,0,0,0,0,4,72,0
4277.37,17,0,0,0,1,6,516,0
3627.92,21,0,0,0,0,4,840,0
1970.15,6,0,0,0,0,10,376,0
19156.38,8,0,0,0,0,9,151,0
934.6,21,0,0,0,0,4,34,0
5212.57,13,1,0,1,0,13,822,1
2002.31,7,0,0,0,0,5,481,0
1972.77,20,0,0,0,0,3,270,0
3124.85,6,0,0,0,1,7,469,0
40327.38,20,1,0,0,0,5,516,1
349.21,11,1,0,0,1,4,474,0
5194.21,4,0,0,1,0,2,850,0
527.09,22,0,0,0,0,20,46,0
1017.11,14,0,0,0,0,10,549,0
3484.23,12,0,0,1,0,10,705,0
4295.74,22,0,1,0,3,14,190,1
1806.85,10,0,0,0,2,10,579,0
2292.8,1,0,0,0,0,8,603,0
555.9,10,0,0,1,0,10,827,0
2177.71,18,0,0,0,4,12,592,0
20397.73,19,0,0,1,1,8,567,1
17380.7,18,0,0,0,0,13,420,0
2456.71,1,0,0,1,0,9,535,0
5085.75,10,0,0,1,0,5,544,0
14430.76,2,0,1,0,1,10,718,1
47.22,20,1,0,0,1,2,944,0
9996.01,12,1,0,0,0,7,123,0
17791.86,9,1,0,0,0,6,39,0
584.61,17,0,0,1,3,9,502,1
1066.47,14,0,0,0,2,7,907,0
19436.26,12,0,0,0,0,10,317,0
4637.17,18,1,0,0,0,9,643,0
95.79,8,0,0,0,0,4,143,0
1797.46,8,0,0,0,0,8,890,1
3596.41,13,0,0,0,0,3,8,0
7093.67,23,1,0,0,0,9,765,0
7936.64,1,1,0,1,3,4,90,1
32328.32,16,1,0,1,2,7,340,1
2043.95,9,0,0,0,0,4,941,0
4646.0,7,0,0,0,2,19,562,0
4582.71,8,1,0,1,1,13,66,1
3131.67,9,0,0,0,0,4,801,0
1121.92,13,1,0,0,2,8,177,0
22763.87,12,0,0,0,0,11,401,0
11526.9,19,0,0,0,2,7,297,0
4148.91,11,1,1,0,0,2,531,0
5556.62,12,0,0,0,0,3,231,0
1556.88,10,1,0,0,0,2,460,0
4718.77,7,0,0,0,0,13,11,0
7134.07,10,1,0,1,0,5,60,0
4353.71,23,0,0,0,3,14,21,1
27814.61,23,0,1,0,0,11,428,1
5680.33,18,0,1,1,0,12,859,1
2791.49,10,0,0,1,0,4,151,0
8884.46,14,0,0,1,2,14,591,1
1131.32,20,1,0,0,0,13,999,0
2922.08,11,0,0,0,0,12,509,0
2566.69,20,0,0,0,1,11,598,0
3401.77,9,1,0,0,3,14,525,1
9143.5,22,0,0,0,1,2,686,0
3981.9,19,0,0,0,0,5,309,0
9489.7,21,0,0,0,0,5,697,0
5165.05,13,1,1,1,1,6,695,1
2521.94,8,0,0,0,2,14,11,0
9973.72,1,0,1,0,5,9,593,1
1643.13,11,1,0,0,0,14,143,0
1534.58,10,1,0,0,1,5,168,0
4223.16,20,0,0,1,0,2,610,0
1823.52,14,1,0,0,0,12,655,0
64.77,18,1,0,0,0,10,239,0
6279.82,7,0,0,0,4,7,269,0
4303.51,6,1,0,0,0,11,925,0
3548.32,19,0,0,0,0,12,677,0
20471.76,2,0,0,0,3,7,367,1
5090.58,18,0,1,0,0,4,963,0
11955.58,22,0,0,0,0,5,245,0
911.1,13,0,0,0,1,2,955,0
5062.76,8,1,1,0,1,6,48,1
12158.79,11,0,0,0,0,14,442,0
5259.54,23,0,0,0,3,5,554,1
7605.39,9,0,0,0,0,4,248,0
2801.71,14,1,0,0,3,10,10,1
592.04,15,0,1,0,1,4,912,0
3683.83,5,0,0,0,0,8,433,0
3020.0,22,0,0,0,1,8,104,0
12117.15,23,1,1,0,0,14,861,1
1688.25,13,0,0,0,0,11,594,0
20429.36,13,1,1,1,3,5,612,1
19050.28,13,0,0,0,0,11,950,0
1717.18,2,0,0,0,0,8,760,0
2576.74,14,0,0,1,0,8,758,0
13564.61,16,1,1,0,0,8,99,0
20409.19,0,0,0,0,2,10,702,1
3525.87,19,0,1,0,3,7,884,1
2332.78,12,0,0,0,0,9,962,0
4490.48,23,0,0,0,0,10,985,0
6994.08,11,0,0,1,0,4,601,0
1926.89,1,1,0,0,0,9,604,0
8011.6,15,0,0,0,0,14,631,0
328.24,23,0,1,0,0,10,762,1
313.31,6,0,0,0,0,6,869,0
2939.37,9,0,0,0,0,1,171,0
2626.84,23,0,1,0,3,3,303,1
2285.57,6,0,0,0,1,6,787,0
4062.08,11,1,1,0,1,15,145,1
2330.45,7,0,0,1,0,15,86,0
1291.07,13,0,0,0,2,20,756,0
2231.77,6,0,0,0,3,14,978,1
22120.35,6,0,0,0,3,9,410,0
3187.13,23,1,0,0,0,13,847,1
3539.62,21,1,1,0,0,2,957,0
5165.85,6,0,0,0,0,5,413,0
24578.74,12,0,0,0,0,7,702,0
1669.28,18,0,1,0,5,6,839,1
6870.69,12,0,0,1,0,9,850,0
7562.36,15,0,1,0,0,4,626,0
5618.63,5,1,0,0,0,11,203,1
566.5,0,0,0,0,0,7,888,0
6788.25,7,0,0,0,3,4,136,0
407.45,21,0,0,1,0,17,510,0
5450.16,20,0,0,0,0,10,760,0
8082.78,17,0,0,0,0,11,564,0
1431.7,14,0,0,0,0,16,635,0
11066.62,20,1,0,0,1,15,829,0
194.94,23,0,1,0,1,13,103,1
11150.2,23,0,0,1,0,12,936,1
3710.77,6,0,0,0,3,5,921,0
1482.24,18,1,0,0,0,5,846,0
871.69,23,1,0,0,1,7,610,0
18394.99,0,1,0,1,3,5,10,1
462.65,6,1,0,0,1,12,80,0
1342.07,13,0,0,0,0,7,503,0
2574.63,15,1,0,0,0,6,767,0
5819.21,23,1,0,0,1,17,308,1
4732.12,10,0,1,0,4,8,797,1
815.6,19,0,0,1,0,8,698,0
2062.64,18,0,0,0,0,5,435,0
1646.77,20,0,0,0,0,7,70,0
1451.3,8,0,0,0,1,11,742,0
3187.45,13,0,0,0,0,2,648,0
7315.01,7,0,0,0,2,4,22,0
1481.21,13,1,0,0,2,6,940,0
2750.67,5,0,0,0,0,12,378,0
2984.81,9,1,0,0,0,9,881,0
22503.44,19,0,0,0,1,6,549,0
18572.24,21,0,0,0,0,6,703,0
9670.76,20,0,0,0,0,6,108,0
1669.73,1,0,0,0,0,9,983,0
432.78,23,0,0,0,0,10,387,0
2296.72,2,0,0,1,0,4,173,0
1871.98,9,0,0,0,2,10,90,0
4240.42,11,0,0,0,1,1,873,0
9033.12,21,0,0,0,5,8,163,0
11735.23,16,0,0,0,0,11,765,0
11190.72,6,0,0,0,0,23,490,0
2684.68,10,0,0,0,0,10,492,0
6983.81,13,0,0,0,0,12,550,0
2261.08,14,0,0,0,0,12,450,0
387.04,11,0,0,0,0,5,852,0
7265.22,7,0,0,0,0,3,124,0
69.26,16,0,0,0,0,3,466,0
3167.49,21,0,0,0,0,16,553,0
2407.31,14,0,0,0,0,3,846,0
7102.83,10,0,0,0,0,7,988,0
8730.9,9,0,0,0,2,4,478,0
2185.25,13,1,1,0,0,18,236,1
10025.99,22,1,1,1,0,7,16,1
2098.13,6,0,0,0,0,17,306,0
3557.08,6,1,0,0,0,8,504,0
7800.11,7,0,0,0,2,5,420,0
7093.89,13,0,0,0,0,5,559,0
26239.36,21,1,0,0,1,12,379,1
1540.6,19,1,0,0,0,19,189,0
6523.9,13,0,0,0,0,17,338,0
5654.76,18,0,1,0,3,15,199,1
14807.58,23,0,0,1,2,4,267,1
1030.19,3,0,0,0,0,5,911,0
8371.08,2,0,1,0,2,17,686,1
5049.71,6,0,0,0,0,3,204,0
1936.74,15,1,0,0,0,12,756,0
3869.69,22,0,0,1,1,13,124,0
2446.78,8,1,0,0,3,9,253,0
5205.2,8,0,0,0,0,5,191,0
13199.38,18,0,0,0,1,12,985,0
5064.13,22,0,0,0,0,16,834,0
6003.51,6,0,0,0,0,8,395,0
4398.18,12,0,0,0,2,6,616,0
325.13,16,0,0,0,0,3,545,0
1600.5,18,0,1,1,0,8,634,0
4073.66,17,0,0,0,0,9,12,0
2238.43,16,0,0,0,1,20,388,0
1213.62,13,0,0,0,0,1,179,0
4218.68,20,0,0,1,0,10,233,0
2348.82,22,0,0,0,0,4,596,0
1801.31,13,0,0,1,3,14,869,1
3751.56,10,1,1,0,1,4,986,1
868.27,19,0,1,0,1,9,771,0
15775.38,15,0,1,0,1,6,573,1
12146.19,12,0,0,1,0,4,43,0
7388.22,9,0,1,0,0,8,770,0
683.73,23,0,0,0,0,10,72,0
8983.37,12,0,1,0,0,15,473,0
9910.23,8,1,1,0,0,3,512,0
8770.02,22,0,1,0,1,10,559,1
736.0,22,0,0,0,0,2,344,0
6205.4,9,0,0,1,0,9,252,0
10796.36,18,0,0,1,0,5,531,0
5177.31,7,0,0,0,0,11,992,0
6247.66,17,1,0,0,0,9,513,0
3688.96,10,1,0,0,1,16,962,0
4523.66,11,1,0,0,0,9,908,0
219.89,3,0,0,1,0,2,299,0
6122.65,20,1,0,0,1,12,55,1
519.74,9,0,1,1,0,10,169,1
3435.73,7,0,0,1,1,18,738,1
2087.42,5,1,0,0,0,10,614,1
4740.39,5,0,0,0,1,4,191,0
869.18,5,0,0,0,0,16,318,0
7068.99,15,0,0,0,0,6,878,0
9518.81,17,0,0,0,0,3,313,0
1080.13,19,0,1,1,0,7,730,0
670.99,13,1,0,0,1,8,532,0
953.54,12,0,0,0,0,6,782,0
12589.65,11,0,0,0,0,2,933,0
4517.06,10,0,0,0,0,5,875,0
3788.34,12,1,0,0,0,9,840,0
687.08,11,0,0,0,0,22,117,0
6301.33,12,0,0,0,0,8,252,0
12159.7,14,0,0,0,0,5,959,0
10578.05,12,0,0,0,0,12,517,0
5911.87,14,0,0,0,3,5,939,0
479.58,12,0,1,0,0,23,852,0
725.38,10,1,0,1,0,9,583,0
313.4,7,1,1,0,0,4,51,0
1796.23,14,0,0,0,2,6,709,0
884.74,6,0,0,0,0,6,504,0
1817.02,11,1,0,0,0,7,751,0
2927.36,22,0,0,0,0,24,240,0
17196.41,23,0,0,0,0,1,41,0
5665.44,17,0,0,1,0,7,727,0
10819.91,21,0,0,0,1,13,446,0
7444.52,23,0,0,0,0,8,919,0
726.1,14,0,1,0,0,12,87,0
7999.03,9,1,1,0,2,8,913,1
1940.32,7,0,0,1,0,12,763,0
6125.06,18,0,0,0,0,13,425,0
2511.84,12,0,0,0,0,7,275,0
36387.15,22,0,0,0,4,24,541,1
1845.5,19,0,0,0,0,9,122,0
1973.78,12,0,0,0,0,4,132,0
16023.46,15,0,1,0,0,4,197,0
159.72,19,0,0,0,0,1,202,0
7167.98,23,0,0,1,0,6,654,0
7763.03,6,1,0,1,2,7,805,1
10871.2,21,0,0,0,0,4,426,0
22010.2,6,1,0,1,1,10,184,1
22289.5,19,0,0,0,0,13,995,0
415.03,10,0,0,0,2,15,4,0
10360.42,14,0,1,0,4,6,774,1
6246.01,11,1,0,0,0,12,367,0
6263.54,22,0,0,0,0,4,779,0
834.2,7,0,1,0,1,3,727,0
6312.14,8,0,0,0,0,15,404,0
24277.36,22,0,0,0,0,10,722,0
14580.15,10,0,0,0,4,14,398,0
3479.6,15,0,1,0,0,13,769,0
254.61,12,1,0,0,0,4,768,0
2709.26,11,0,0,0,2,9,249,0
10515.67,18,0,0,0,0,13,703,0
7263.89,11,0,0,0,0,6,361,0
3699.83,9,0,0,1,0,15,358,0
350.07,19,0,0,0,0,10,599,0
3350.12,0,0,1,0,3,6,223,1
3808.24,6,0,0,0,3,5,654,0
15843.01,22,1,1,0,0,9,583,1
6158.04,19,0,0,0,2,9,561,0
2250.77,12,0,0,0,0,9,902,0
4480.66,9,0,1,0,1,10,688,1
420.03,22,0,0,0,0,6,829,0
21586.32,13,1,0,0,0,9,663,0
2688.28,10,0,0,1,0,6,808,1
3909.0,13,1,0,0,0,8,717,0
2643.67,3,1,0,0,0,3,697,0
6893.89,13,0,0,0,0,6,150,0
6522.38,9,0,0,1,4,5,635,0
7548.39,15,0,0,0,4,3,658,0
1883.02,11,0,0,0,1,18,929,0
2285.88,23,1,0,0,0,7,507,0
812.91,6,0,0,1,0,4,123,0
6404.14,10,0,0,0,0,4,587,0
253.66,5,0,0,0,0,11,519,0
5473.08,21,0,1,1,0,5,552,0
12237.31,10,0,0,1,0,7,748,0
13299.21,21,0,0,0,0,6,110,0
3586.53,6,0,0,1,1,16,349,0
3699.39,19,0,0,0,1,12,577,0
490.56,7,0,0,0,0,5,167,0
6675.9,12,0,0,0,0,15,574,0
10340.92,15,1,0,0,0,6,895,0
1693.48,7,0,0,0,0,10,817,0
3291.84,21,0,0,1,0,8,985,0
10962.12,11,0,0,0,1,19,34,0
12589.3,10,1,0,0,0,11,346,0
1681.78,16,1,0,0,0,7,492,0
4808.66,10,1,1,0,0,14,637,1
1292.82,14,0,0,0,0,17,443,0
654.7,12,1,0,1,0,15,638,1
14532.84,21,1,0,0,0,14,847,0
10315.73,20,0,0,0,0,4,285,0
8573.57,3,0,0,0,1,6,793,0
309.97,12,1,0,0,0,6,572,0
11146.97,18,0,0,0,0,5,762,0
3467.99,16,0,0,0,1,4,70,0
2524.91,8,0,0,0,0,9,500,0
4754.25,10,0,1,0,0,9,27,0
584.79,15,0,0,0,0,16,324,0
8489.44,16,0,0,0,1,6,580,0
5249.89,23,0,0,0,0,6,364,0
1249.12,12,1,0,1,0,12,761,1
1261.25,6,0,0,0,0,11,427,0
1231.87,20,0,0,0,1,6,618,0
362.15,18,0,1,0,0,11,293,0
5327.46,9,0,0,0,0,6,178,0
11018.56,14,0,0,0,1,23,540,0
115.92,6,0,0,0,0,16,932,0
311.48,21,1,0,0,0,11,981,0
5112.6,18,0,1,0,1,12,579,1
10282.0,8,0,0,0,0,16,700,0
2383.73,18,0,1,0,1,9,785,0
2591.14,15,0,0,0,0,6,607,0
5453.19,6,1,0,0,0,10,702,0
1932.99,21,1,1,1,0,3,601,1
171.81,22,0,0,0,0,4,482,0
7983.33,16,0,0,0,0,7,559,0
5905.38,11,0,0,0,1,8,945,0
5225.81,6,1,0,0,0,10,856,0
8131.43,21,0,0,0,1,13,226,0
6757.84,18,0,0,0,0,10,791,0
1393.14,22,0,0,0,1,4,844,0
2617.64,15,0,0,0,0,12,881,0
818.81,10,0,1,1,0,7,984,0
844.59,8,0,0,1,0,4,721,0
6775.7,7,0,0,0,0,19,325,0
11746.98,20,0,0,0,0,3,842,0
19747.82,20,1,0,0,0,2,445,0
5948.77,16,0,0,0,4,6,335,0
1230.79,6,0,0,1,2,16,206,0
679.95,19,1,0,0,1,10,237,0
10065.1,18,1,0,0,0,3,551,0
5197.27,17,0,0,0,1,2,720,0
5788.49,14,0,0,0,0,7,279,0
9134.77,12,0,0,0,0,7,433,0
7299.74,0,0,0,1,0,9,960,0
10801.19,10,1,0,0,0,12,663,0
357.13,13,0,0,0,0,4,528,0
8268.55,15,0,0,0,0,9,929,0
11426.93,15,0,0,0,0,6,51,0
2032.37,9,0,1,0,1,17,562,1
6147.37,22,0,0,0,3,16,336,0
2272.68,10,0,0,1,0,10,66,0
19026.38,16,0,0,0,0,12,414,0
213.97,23,0,0,1,1,5,610,1
5212.04,20,0,0,0,0,5,488,0
1102.75,11,0,1,1,3,10,35,1
7483.36,9,0,0,0,2,8,500,0
1170.71,16,0,0,0,0,18,636,0
1620.28,17,0,0,1,0,2,443,0
4101.71,17,0,0,0,4,5,125,0
14788.98,23,1,0,1,3,5,539,1
1437.37,12,0,0,0,0,6,112,0
944.59,5,1,1,1,0,20,164,1
8547.17,21,0,0,0,0,13,158,0
4176.32,9,0,0,0,0,10,694,0
14577.88,16,0,1,0,3,10,804,1
961.26,22,0,0,0,1,3,573,1
6239.53,12,1,0,1,0,12,929,0
1600.67,15,0,0,0,0,12,193,0
1033.03,22,0,1,1,1,2,609,1
6911.25,6,0,0,0,0,12,386,0
5413.75,21,1,0,1,0,4,12,0
8444.76,8,0,0,0,0,7,975,0
2231.71,13,0,0,0,0,13,327,0
3574.94,9,0,0,0,1,7,643,0
3129.92,3,0,1,1,2,5,647,1
24854.64,14,0,0,0,0,11,941,0
2083.98,4,0,0,0,0,8,7,0
2105.79,12,1,0,0,0,2,700,0
2636.83,11,1,1,0,0,5,113,0
4998.86,8,1,0,1,1,16,16,1
1754.7,6,0,1,0,0,4,573,0
14821.13,6,1,1,0,3,13,187,1
1862.91,23,0,1,1,1,6,239,1
13579.56,8,0,1,0,0,6,480,0
665.38,21,1,1,1,0,4,156,1
6422.5,15,1,0,0,0,7,707,0
14260.0,18,0,0,1,0,14,932,0
1118.94,18,1,0,0,0,11,636,0
20723.74,21,1,0,0,0,9,560,0
3628.56,7,0,0,0,4,6,753,0
17491.06,18,0,0,0,0,4,792,0
6787.28,8,1,0,0,1,7,245,0
2163.67,14,0,1,0,0,6,872,0
1261.77,3,0,0,0,0,8,240,0
2182.15,7,1,0,0,0,4,702,0
595.79,17,0,0,1,0,8,150,0
941.98,13,0,0,0,0,3,838,0
673.31,21,0,0,0,0,12,841,0
3308.89,7,0,1,0,0,9,868,0
9535.42,6,1,0,0,0,7,873,0
924.6,17,0,0,0,2,8,588,0
847.78,18,0,0,1,2,6,143,0
6197.33,16,1,0,1,1,8,838,1
1327.77,22,1,0,0,0,9,942,0
626.25,14,0,0,0,4,8,313,0
1105.24,3,1,1,0,3,10,15,1
15450.96,17,0,0,0,1,4,332,0
10348.03,17,0,0,0,0,4,398,0
2632.33,8,0,1,0,0,13,66,0
6409.56,17,0,1,0,1,13,978,0
4633.74,17,0,0,1,2,6,574,0
6792.93,10,0,0,0,1,4,283,0
6896.9,13,0,0,0,0,10,44,0
5955.02,11,0,0,1,0,16,209,0
1866.31,20,0,0,0,0,4,812,0
248.73,6,0,0,0,1,13,25,0
3658.06,10,0,0,0,0,11,43,0
13307.01,22,0,0,0,0,18,582,0
5066.81,19,0,0,0,1,3,958,0
10726.73,21,0,1,0,0,6,702,0
28704.55,16,0,0,0,0,4,996,0
1082.01,21,0,0,1,1,8,363,0
7071.6,23,1,0,0,0,12,153,1
6740.55,6,1,0,0,0,6,357,0
23468.79,14,1,0,0,1,4,374,0
25453.47,17,0,0,0,1,5,369,0
6973.15,7,0,0,0,2,8,763,0
1685.23,20,0,0,0,0,5,748,0
9623.46,10,1,0,0,0,3,400,0
689.21,12,0,0,0,2,5,136,0
9113.87,17,0,0,1,0,22,28,1
14470.76,22,0,0,1,0,12,107,0
2905.7,17,0,0,0,0,9,839,0
5985.82,18,0,0,0,0,5,896,0
3384.22,12,0,0,0,0,10,348,0
3465.01,18,1,0,0,0,11,735,0
2239.61,19,0,0,0,0,4,442,0
8626.18,17,0,0,1,5,16,158,1
16519.81,20,0,0,0,0,6,253,0
16966.02,21,0,0,1,0,3,387,0
1162.64,21,0,1,0,0,16,685,0
12474.36,4,0,0,0,0,5,955,0
8033.46,20,0,0,0,3,2,69,0
1758.83,0,1,1,0,1,13,611,1
427.93,8,0,0,0,2,7,184,0
1881.83,4,0,0,0,2,9,644,0
14606.73,18,0,0,0,3,12,509,0
6027.28,23,1,0,1,0,3,25,1
7670.44,15,0,0,0,0,17,457,0
1793.59,9,0,0,0,0,8,303,0
7634.7,20,0,0,0,0,4,630,0
181.15,17,0,0,1,1,2,169,0
2833.11,23,0,0,1,0,11,500,1
5923.09,17,0,0,0,0,4,865,0
957.62,11,0,0,1,0,6,5,0
10399.75,11,1,0,0,0,4,167,0
1617.52,20,0,0,0,0,6,124,0
6348.17,13,1,0,0,1,9,838,0
3127.15,21,0,0,0,0,1,328,0
5448.69,9,0,0,1,4,10,539,1
692.04,12,0,1,0,2,11,108,1
112.34,19,0,0,0,0,3,483,0
14428.71,20,1,0,1,0,12,408,1
1895.22,15,0,0,1,1,3,307,0
10288.03,22,0,0,0,1,7,739,0
44044.0,14,0,0,0,0,5,283,0
1435.21,16,0,0,0,0,4,168,0
1858.7,19,0,1,0,0,15,864,0
6533.54,1,1,0,0,0,12,655,1
20201.85,15,1,1,0,3,2,942,1
14858.38,19,1,0,0,0,18,584,0
4203.49,2,0,0,1,0,11,671,1
9521.7,20,0,0,1,0,2,108,0
885.33,18,0,1,0,1,5,456,0
22758.98,21,1,0,0,1,4,935,0
20014.58,12,0,0,1,0,8,222,0
1082.82,15,0,1,0,0,12,344,0
2145.11,8,0,0,0,0,8,678,0
643.2,12,0,0,0,0,9,2,0
1912.4,23,0,0,0,3,5,32,0
10165.48,20,0,0,0,0,6,250,0
2861.94,12,1,1,0,0,6,432,0
565.3,10,1,0,0,0,5,823,0
2523.36,0,0,0,1,0,4,967,0
23912.19,9,1,0,1,0,4,97,1
5970.38,22,0,0,1,0,21,599,0
3238.78,11,1,0,1,0,8,509,0
1103.01,15,0,0,0,2,7,93,0
25698.44,14,0,0,0,0,2,174,0
10327.16,7,0,0,0,0,10,288,0
1993.35,16,0,0,0,0,13,813,0
445.87,3,0,0,0,0,6,49,0
359.75,20,0,0,0,0,2,112,0
779.58,13,1,0,1,0,8,221,0
5225.99,15,0,0,0,0,8,268,0
15860.49,15,0,1,0,0,7,631,0
4129.93,22,1,0,0,0,4,246,0
11116.97,10,0,0,0,0,13,550,0
3552.32,12,0,0,1,2,5,386,0
7408.01,18,0,0,0,0,5,199,0
7907.76,11,0,0,0,0,2,808,0
1156.7,14,1,0,1,0,5,62,0
2699.13,18,0,0,0,0,15,136,0
6095.11,23,0,0,0,1,6,403,0
449.92,4,0,0,0,0,10,702,0
2702.18,15,0,0,0,0,8,182,0
4601.72,5,1,0,0,0,10,502,1
33485.32,23,1,0,1,0,3,805,1
3870.81,23,0,0,1,0,7,969,0
10168.77,18,0,0,0,0,22,15,0
3404.51,6,0,0,0,0,7,793,0
9559.31,6,0,0,1,0,19,192,0
5439.36,2,0,0,0,4,8,396,0
13070.76,21,1,0,1,0,4,579,0
3185.39,19,0,0,0,0,2,203,0
5572.66,15,0,1,0,1,12,992,1
5975.82,4,0,0,0,1,4,88,0
3251.35,6,0,0,0,0,6,265,0
945.1,9,0,1,0,1,15,21,1
599.38,6,0,0,0,0,11,416,0
110.87,14,0,0,0,0,14,902,0
12416.7,18,0,0,0,1,6,212,0
1628.86,23,1,1,0,2,8,614,1
1435.79,9,0,0,0,0,13,620,0
8001.64,12,1,0,0,0,3,272,0
2324.12,20,0,0,1,1,1,307,0
4241.86,1,1,0,1,0,22,348,1
1074.08,8,0,0,1,3,7,342,0
19285.23,11,0,0,0,0,4,250,0
11456.31,18,1,0,1,0,3,299,0
11971.33,14,0,0,0,0,5,471,0
3143.08,23,0,0,0,0,6,801,0
8632.02,13,0,0,0,0,5,647,0
942.04,3,0,0,1,0,9,268,0
61.94,3,0,0,0,0,6,275,0
131.05,12,0,1,0,2,17,815,1
5310.06,18,0,0,0,0,10,757,0
3656.17,22,0,0,0,0,9,374,0
4389.06,19,1,0,1,0,9,64,0
54.95,8,0,0,0,0,5,846,0
3306.22,1,0,0,0,0,12,537,0
7606.54,15,1,0,0,4,10,221,1
3517.84,10,0,0,0,1,4,711,0
7915.52,13,0,0,0,1,10,699,0
1601.76,0,0,0,0,0,3,660,0
10074.44,23,0,0,0,1,8,949,0
5336.68,23,0,0,0,0,5,479,0
1430.13,15,0,1,1,0,8,677,0
1630.79,21,0,0,1,0,7,234,0
5943.66,20,1,0,0,0,19,550,0
10639.61,12,0,0,0,0,7,766,0
3233.3,10,0,0,0,0,19,100,0
1802.87,23,0,0,0,0,15,614,0
12114.96,13,0,0,0,0,4,356,0
6648.69,18,0,0,0,1,4,405,0
3576.17,12,0,0,1,3,10,64,1
4025.41,19,0,0,0,1,10,596,0
1380.87,20,0,0,0,0,5,873,0
5923.89,20,0,0,0,0,2,559,0
2675.95,16,0,0,0,0,3,945,0
32628.83,22,1,0,0,0,14,869,1
3935.68,8,1,0,0,4,16,869,1
4001.86,12,0,0,1,0,12,353,0
5016.22,18,0,0,0,2,11,606,0
14925.88,22,0,0,0,1,8,500,0
9691.22,10,0,0,0,0,10,210,0
3609.36,18,0,0,0,3,4,434,0
7619.99,18,1,1,1,0,12,639,1
5304.75,19,0,0,0,0,20,514,0
4077.98,12,1,0,0,2,8,492,0
1291.5,19,0,0,0,0,8,970,0
3751.01,12,0,0,0,0,1,561,0
1702.73,22,0,0,1,0,9,444,0
14789.49,9,1,0,0,1,6,265,0
2461.48,13,0,1,0,0,7,22,0
18262.42,22,1,1,0,3,1,279,1
4579.27,22,0,1,0,0,4,54,0
6000.61,8,0,0,0,0,6,692,0
4707.65,19,1,1,0,0,8,42,0
841.3,13,0,0,0,0,4,178,0
2837.91,10,1,0,1,0,4,197,0
636.47,5,0,0,0,2,12,819,1
5862.33,13,1,0,0,1,4,623,0
3563.02,21,0,0,0,1,3,977,0
9040.06,20,0,0,0,0,6,866,0
1504.39,21,0,0,0,0,11,264,0
1088.82,7,0,0,0,0,4,551,0
3138.61,19,1,0,0,0,22,639,0
15679.79,19,0,0,0,1,7,279,0
7445.98,15,0,1,0,0,9,461,0
3267.24,6,0,0,0,1,6,569,0
4379.81,10,0,0,0,0,14,42,0
537.83,7,0,0,1,0,11,877,0
25040.94,13,0,1,0,2,11,786,1
6597.01,12,0,0,0,3,4,50,0
2026.23,12,1,0,1,3,15,602,1
5298.56,22,0,0,0,1,4,592,0
705.71,13,1,1,0,1,10,957,1
20269.61,17,0,0,0,3,5,814,0
1162.67,9,0,0,0,1,3,166,0
6275.26,23,0,0,0,3,4,555,0
1699.84,9,0,1,0,0,7,178,0
7595.76,15,0,0,0,3,5,632,0
9008.7,20,1,0,0,0,9,969,0
6724.48,23,0,0,0,0,8,550,0
5729.28,15,1,0,0,0,6,774,0
13389.86,17,0,0,1,2,7,773,0
501.34,2,0,0,0,0,21,458,0
2421.06,22,0,1,0,4,11,983,1
1722.41,21,1,0,0,0,9,326,0
26554.08,13,0,1,0,0,7,909,0
2969.78,21,1,0,1,0,1,649,0
7924.34,15,0,1,0,0,8,422,0
6935.86,13,0,0,0,0,3,800,0
1440.16,21,0,0,0,1,8,912,0
1648.71,7,1,0,0,0,11,81,0
1991.74,11,0,0,0,0,4,96,0
3187.27,23,0,0,0,0,6,416,0
1611.99,18,1,0,0,2,7,644,0
129.08,18,0,0,0,0,3,183,0
12701.31,11,1,0,0,0,14,652,0
20229.91,23,1,0,0,0,8,819,1
2517.39,11,0,0,0,2,16,255,0
2489.53,13,1,0,0,0,7,284,0
52.7,21,0,0,0,0,21,765,0
6851.31,12,0,0,0,1,5,390,0
10482.92,7,0,0,0,4,13,772,1
961.22,6,0,0,0,0,7,256,0
1053.74,9,0,0,0,0,5,629,0
9376.27,10,0,0,0,0,10,879,0
5757.22,1,0,0,0,4,6,904,0
285.39,8,0,0,0,0,8,285,0
5855.86,10,0,0,0,0,14,923,0
2226.98,17,0,0,0,0,7,829,0
2770.08,10,1,0,1,4,7,316,1
8821.05,12,0,0,0,1,14,982,0
10003.99,22,0,0,0,1,8,446,0
3078.52,15,0,0,1,0,2,380,0
17652.12,18,0,0,0,0,7,306,0
3139.93,12,0,0,0,0,5,448,0
8876.14,16,0,0,0,0,16,814,0
3978.46,18,0,0,0,2,7,495,0
13679.25,9,0,0,1,0,15,175,0
14310.25,17,0,0,0,0,4,3,0
558.86,9,0,0,1,3,6,497,1
16549.66,3,1,1,0,0,4,905,1
10486.18,7,0,0,1,1,5,474,0
9411.45,5,0,0,0,1,8,652,0
1355.7,5,0,0,1,3,14,256,1
9822.2,14,0,0,0,2,12,651,0
11398.03,13,1,0,0,1,18,716,0
2057.77,5,0,0,0,0,5,870,0
18261.92,2,0,1,0,0,6,26,1
316.88,8,0,0,0,3,8,697,0
984.47,18,0,0,0,0,7,367,0
4637.71,15,0,0,0,1,9,83,0
5155.19,17,1,1,0,0,7,592,0
6226.36,14,0,0,0,0,9,512,0
112.69,14,0,0,0,0,5,926,0
19378.52,11,0,1,0,0,11,60,1
283.68,23,0,0,0,5,15,901,1
936.34,13,0,0,0,2,15,704,0
94.68,11,0,0,0,0,7,677,0
5030.14,17,0,0,1,1,11,757,0
16163.08,9,0,1,0,0,8,137,0
6588.74,18,0,1,0,1,1,159,0
10388.03,19,0,1,0,2,8,765,0
90.22,5,0,0,0,0,7,765,0
4695.52,15,0,0,0,0,4,962,0
3702.26,9,0,0,0,0,2,848,0
4156.51,22,0,0,0,4,16,470,0
459.72,15,1,0,0,1,7,344,0
6930.35,10,1,0,0,2,11,874,0
4207.65,23,1,0,0,2,8,682,0
8702.82,13,1,1,0,0,6,592,0
3994.92,20,1,0,1,2,4,404,0
980.75,14,1,0,1,0,4,77,0
